,일시,평균기온,최저기온,최고기온,일강수량,평균풍속,평균상대습도,합계일조시간
0,2019-01-01,-5.0,-8.2,-0.6,0.0,2.1,49.5,7.5
1,2019-01-02,-4.9,-8.8,0.2,0.0,1.7,42.8,8.7
2,2019-01-03,-3.5,-8.4,3.2,0.0,1.4,38.8,8.7
3,2019-01-04,-1.1,-6.2,4.1,0.0,1.2,55.5,3.9
4,2019-01-05,-2.8,-5.5,1.1,0.0,2.2,40.3,8.6
5,2019-01-06,-2.8,-6.3,2.7,0.0,1.2,35.0,7.7
6,2019-01-07,-1.9,-6.2,3.1,0.0,1.4,46.4,7.0
7,2019-01-08,-3.5,-7.2,0.5,0.0,2.6,31.0,8.7
8,2019-01-09,-4.7,-9.4,1.3,0.0,1.3,28.8,7.4
9,2019-01-10,-0.6,-4.5,3.0,0.0,1.3,48.8,3.1
10,2019-01-11,2.4,-0.4,7.2,0.0,1.0,58.8,6.9
11,2019-01-12,2.8,-0.6,8.0,0.0,1.3,47.6,6.0
12,2019-01-13,1.2,-3.0,7.6,0.0,1.4,54.3,8.6
13,2019-01-14,1.4,-2.4,5.3,0.0,0.9,68.6,0.4
14,2019-01-15,-1.7,-7.2,2.6,0.0,2.7,58.8,4.7
15,2019-01-16,-5.2,-10.1,-1.1,0.0,2.3,45.9,8.6
16,2019-01-17,-0.3,-3.2,4.0,0.0,1.7,45.8,8.7
17,2019-01-18,0.6,-4.6,6.7,0.0,1.3,44.0,8.5
18,2019-01-19,3.6,0.0,8.5,0.0,1.2,59.8,2.9
19,2019-01-20,-1.4,-5.5,4.0,0.0,3.2,38.5,8.8
20,2019-01-21,-1.2,-6.7,4.2,0.0,1.6,57.8,1.0
21,2019-01-22,1.7,-3.3,7.1,0.0,1.7,62.0,8.5
22,2019-01-23,2.0,-0.8,7.0,0.0,2.3,48.9,8.6
23,2019-01-24,0.1,-4.6,6.5,0.0,1.7,34.9,8.8
24,2019-01-25,-1.2,-3.8,2.6,0.0,2.6,27.6,8.7
25,2019-01-26,-2.5,-6.5,2.4,0.0,2.4,30.9,8.8
26,2019-01-27,-0.1,-6.6,5.1,0.0,1.7,52.5,6.7
27,2019-01-28,1.2,-2.4,4.5,0.0,3.1,40.4,8.7
28,2019-01-29,-0.2,-5.6,7.0,0.0,1.5,35.5,8.7
29,2019-01-30,1.8,-2.8,6.6,0.0,1.5,54.6,7.7
30,2019-01-31,-2.0,-6.2,2.3,0.0,2.9,29.0,3.4
31,2019-02-01,-2.1,-7.4,2.8,0.3,1.7,47.6,5.7
32,2019-02-02,1.4,-3.2,6.1,0.0,1.0,60.0,1.6
33,2019-02-03,3.3,2.0,4.9,16.0,1.7,92.9,0.0
34,2019-02-04,-0.6,-3.3,3.0,0.0,2.1,40.4,8.6
35,2019-02-05,2.8,-3.6,10.1,0.0,1.0,37.1,7.8
36,2019-02-06,5.1,0.1,9.3,0.0,1.3,54.9,3.3
37,2019-02-07,-2.1,-8.2,6.3,0.5,3.5,45.5,8.7
38,2019-02-08,-6.1,-10.2,-1.3,0.0,2.3,31.5,8.4
39,2019-02-09,-5.4,-8.6,-1.9,0.0,2.7,30.0,9.3
40,2019-02-10,-5.0,-9.1,-1.9,0.0,1.7,31.3,2.2
41,2019-02-11,-3.0,-7.5,2.0,0.0,2.3,34.9,9.4
42,2019-02-12,-0.6,-4.1,3.7,0.0,1.9,35.5,8.5
43,2019-02-13,-2.1,-5.7,2.5,0.0,2.4,26.6,9.2
44,2019-02-14,-0.5,-5.9,6.3,0.0,1.4,24.3,9.2
45,2019-02-15,-0.8,-2.9,0.9,2.2,1.9,72.8,0.0
46,2019-02-16,-2.7,-5.1,1.5,0.2,2.6,59.0,8.8
47,2019-02-17,-1.8,-6.8,4.6,0.0,1.9,47.4,9.8
48,2019-02-18,0.9,-4.7,5.9,0.0,1.3,43.5,5.6
49,2019-02-19,1.4,0.2,3.0,4.6,1.4,80.8,0.6
50,2019-02-20,1.7,-0.1,4.5,0.0,2.1,67.8,2.2
51,2019-02-21,2.4,-2.6,9.0,0.0,1.5,59.4,9.6
52,2019-02-22,4.0,-1.6,10.8,0.0,1.5,56.1,9.5
53,2019-02-23,6.8,0.5,14.5,0.0,1.1,41.0,9.1
54,2019-02-24,6.3,1.2,13.7,0.0,1.8,45.0,10.0
55,2019-02-25,4.7,1.3,10.2,0.0,2.3,55.8,8.0
56,2019-02-26,5.2,-1.5,12.0,0.0,1.6,32.8,9.5
57,2019-02-27,7.8,4.7,14.0,0.0,1.6,31.3,7.8
58,2019-02-28,6.6,2.0,12.8,0.0,2.0,39.5,8.1
59,2019-03-01,6.6,1.2,13.0,0.0,2.1,42.3,9.9
60,2019-03-02,7.8,1.3,14.7,0.0,1.1,37.6,7.5
61,2019-03-03,9.4,2.5,16.1,0.0,1.5,36.4,7.9
62,2019-03-04,9.9,5.0,16.3,0.0,1.9,46.1,9.2
63,2019-03-05,8.4,5.6,12.9,0.0,2.0,66.3,2.5
64,2019-03-06,8.4,5.7,12.4,0.0,2.0,55.0,3.0
65,2019-03-07,7.0,3.1,12.7,0.0,2.2,51.1,10.1
66,2019-03-08,6.1,0.6,13.4,0.0,1.9,39.4,10.7
67,2019-03-09,7.2,-0.4,14.9,0.0,1.3,31.8,9.7
68,2019-03-10,10.1,6.7,15.3,0.0,1.2,26.4,0.3
69,2019-03-11,6.6,3.5,10.0,0.0,1.8,61.0,3.6
70,2019-03-12,3.9,-0.3,7.9,0.0,2.7,55.1,1.8
71,2019-03-13,3.5,-0.4,8.5,0.0,3.3,38.5,10.1
72,2019-03-14,5.0,-1.7,10.0,0.0,1.9,45.3,7.0
73,2019-03-15,5.5,1.6,11.3,3.5,1.6,72.8,2.8
74,2019-03-16,4.3,0.2,9.2,0.0,1.8,69.9,5.0
75,2019-03-17,6.3,2.6,12.4,0.0,2.0,55.4,9.9
76,2019-03-18,7.1,1.4,14.4,0.0,1.4,43.8,8.7
77,2019-03-19,10.0,3.4,16.7,0.0,1.4,52.0,8.3
78,2019-03-20,10.3,7.1,14.6,16.5,1.4,79.0,0.0
79,2019-03-21,7.1,1.9,11.1,3.3,2.9,77.4,3.9
80,2019-03-22,3.3,-0.7,8.3,0.0,2.8,40.9,11.1
81,2019-03-23,3.3,-0.4,8.2,1.7,2.4,46.9,7.9
82,2019-03-24,4.3,-0.8,9.7,0.0,2.3,45.4,11.3
83,2019-03-25,7.3,2.9,11.5,0.0,2.0,56.1,1.7
84,2019-03-26,11.4,7.4,17.6,0.0,2.0,51.1,9.9
85,2019-03-27,11.6,8.9,16.2,0.0,3.0,66.4,3.4
86,2019-03-28,9.4,5.6,14.6,0.0,2.6,49.9,9.9
87,2019-03-29,9.2,5.5,15.1,0.0,2.1,33.1,10.5
88,2019-03-30,5.2,3.5,8.4,1.8,2.9,72.0,3.0
89,2019-03-31,4.4,2.6,8.4,0.0,3.2,46.0,3.2
90,2019-04-01,5.5,0.3,11.3,0.0,2.5,39.8,11.7
91,2019-04-02,6.7,1.3,13.0,0.0,2.2,36.9,11.7
92,2019-04-03,7.6,1.9,13.6,0.0,2.3,36.1,11.7
93,2019-04-04,9.2,3.0,15.7,0.0,2.5,43.0,11.7
94,2019-04-05,11.4,7.0,17.2,0.0,2.9,41.0,9.3
95,2019-04-06,9.3,5.9,12.2,0.8,1.1,39.9,0.5
96,2019-04-07,12.6,5.6,20.3,0.0,1.7,43.1,11.4
97,2019-04-08,11.6,7.6,17.2,0.0,2.5,25.6,10.9
98,2019-04-09,9.2,4.7,13.9,17.4,2.4,49.1,0.8
99,2019-04-10,7.1,4.7,10.2,5.6,1.8,78.4,1.1
100,2019-04-11,9.5,4.3,15.7,0.0,1.9,58.0,9.8
101,2019-04-12,11.4,5.5,18.4,0.0,2.2,48.5,11.4
102,2019-04-13,11.8,6.2,17.9,0.0,1.8,34.0,10.8
103,2019-04-14,9.6,6.9,13.6,1.7,2.2,45.5,5.0
104,2019-04-15,11.6,3.9,18.1,0.0,1.8,30.9,12.1
105,2019-04-16,14.9,6.8,22.6,0.0,1.6,26.3,11.5
106,2019-04-17,15.3,9.1,21.8,0.0,1.9,37.5,12.2
107,2019-04-18,12.6,10.4,16.2,0.0,2.0,74.4,1.5
108,2019-04-19,13.8,9.6,19.7,0.0,1.6,57.5,5.9
109,2019-04-20,14.3,9.7,19.1,1.2,1.9,66.9,5.0
110,2019-04-21,14.8,12.2,20.2,0.3,1.9,77.8,4.1
111,2019-04-22,19.3,10.7,28.2,0.0,1.4,50.6,11.1
112,2019-04-23,20.4,15.3,25.5,0.0,1.3,52.0,4.2
113,2019-04-24,19.5,15.8,25.9,4.1,1.6,70.4,8.0
114,2019-04-25,13.2,9.4,17.2,11.3,2.0,75.9,0.0
115,2019-04-26,8.4,6.2,9.9,4.9,1.5,82.1,0.0
116,2019-04-27,11.6,4.1,18.2,0.0,1.7,52.6,10.3
117,2019-04-28,12.9,9.9,16.6,0.0,1.6,48.8,3.4
118,2019-04-29,13.0,8.3,17.3,0.0,0.9,52.9,3.3
119,2019-04-30,15.5,9.0,22.5,0.0,1.6,52.8,11.2
120,2019-05-01,16.4,11.2,22.2,0.0,2.3,48.9,10.9
121,2019-05-02,17.1,10.6,25.3,0.0,2.3,28.5,12.7
122,2019-05-03,17.9,10.1,26.1,0.0,1.6,37.5,12.4
123,2019-05-04,19.5,12.0,27.4,0.0,1.7,40.4,10.7
124,2019-05-05,19.2,13.6,26.5,0.0,2.2,35.8,11.1
125,2019-05-06,14.5,9.8,19.8,0.0,3.1,27.1,12.8
126,2019-05-07,15.0,8.4,21.9,0.0,2.3,33.4,12.9
127,2019-05-08,15.6,10.1,21.3,0.0,2.3,48.3,12.2
128,2019-05-09,16.6,11.7,22.9,0.0,2.2,43.3,12.1
129,2019-05-10,17.8,10.3,26.8,0.0,1.9,48.0,12.3
130,2019-05-11,20.3,13.2,28.3,0.0,1.8,39.0,12.7
131,2019-05-12,21.6,14.7,28.9,0.0,1.5,36.0,12.0
132,2019-05-13,18.7,15.5,22.8,0.0,1.6,43.4,1.0
133,2019-05-14,19.6,12.9,26.9,0.0,1.6,44.5,13.0
134,2019-05-15,20.7,14.8,28.0,0.0,1.7,48.1,8.4
135,2019-05-16,23.5,16.7,30.0,0.0,1.5,43.8,12.5
136,2019-05-17,23.6,17.6,28.3,0.0,1.2,44.9,4.2
137,2019-05-18,22.8,19.1,25.9,0.0,2.1,46.8,4.3
138,2019-05-19,19.4,17.9,21.6,22.0,1.2,93.0,0.0
139,2019-05-20,16.4,13.0,20.2,8.7,3.4,63.6,10.5
140,2019-05-21,17.2,11.7,23.8,0.0,2.9,52.0,13.1
141,2019-05-22,19.5,12.3,26.5,0.0,2.4,46.0,12.6
142,2019-05-23,22.1,15.0,29.2,0.0,1.7,45.0,13.2
143,2019-05-24,24.2,16.2,33.4,0.0,1.7,46.4,12.7
144,2019-05-25,23.4,18.4,28.6,0.0,1.6,45.6,7.1
145,2019-05-26,24.5,18.6,31.1,0.0,1.8,39.0,11.0
146,2019-05-27,17.8,14.3,22.3,7.1,2.4,80.9,0.0
147,2019-05-28,18.1,11.9,24.6,0.0,2.6,45.9,13.0
148,2019-05-29,20.3,13.3,26.5,0.0,2.0,48.4,13.3
149,2019-05-30,19.6,14.6,24.5,0.0,2.4,48.0,7.0
150,2019-05-31,19.1,16.1,23.3,0.0,2.8,49.6,12.3
151,2019-06-01,18.9,14.8,23.7,0.0,1.9,60.5,9.4
152,2019-06-02,21.1,14.1,27.8,0.0,1.7,42.1,13.0
153,2019-06-03,23.1,16.0,29.5,0.0,1.8,42.9,12.3
154,2019-06-04,22.6,17.6,29.0,0.0,2.2,56.4,12.8
155,2019-06-05,23.0,17.8,29.6,0.0,1.8,63.8,8.9
156,2019-06-06,21.2,18.6,25.1,7.5,1.2,75.9,0.0
157,2019-06-07,20.0,17.0,24.7,35.3,1.9,77.3,3.7
158,2019-06-08,21.9,16.0,27.6,0.0,1.4,57.5,9.3
159,2019-06-09,21.6,17.1,26.5,2.5,1.8,66.1,4.2
160,2019-06-10,18.4,15.7,21.9,9.5,1.6,70.3,0.6
161,2019-06-11,20.5,15.5,26.1,0.0,1.4,51.1,10.7
162,2019-06-12,21.5,16.1,26.4,0.0,1.8,57.1,13.0
163,2019-06-13,23.0,16.6,28.8,0.0,1.7,51.9,12.3
164,2019-06-14,23.0,19.1,28.4,0.0,1.8,54.8,6.1
165,2019-06-15,21.9,17.9,27.4,2.1,2.4,61.5,12.2
166,2019-06-16,22.0,16.1,27.2,0.0,1.6,55.4,11.1
167,2019-06-17,21.7,18.1,26.2,0.0,2.3,59.1,12.7
168,2019-06-18,20.8,17.0,24.8,13.8,1.5,78.6,2.0
169,2019-06-19,21.4,18.9,25.4,0.2,1.9,77.8,0.9
170,2019-06-20,22.7,19.8,27.8,0.0,1.9,70.6,6.9
171,2019-06-21,22.1,19.4,26.1,0.2,1.7,72.9,3.4
172,2019-06-22,24.2,17.7,30.6,0.0,1.5,42.3,13.0
173,2019-06-23,25.0,19.1,31.0,0.0,1.8,40.4,12.9
174,2019-06-24,25.2,20.9,30.9,0.0,2.0,46.9,13.6
175,2019-06-25,25.6,19.5,32.8,0.0,1.6,49.1,13.4
176,2019-06-26,25.5,20.7,29.5,0.0,1.3,52.6,1.1
177,2019-06-27,25.5,21.9,31.2,1.4,1.4,70.5,3.9
178,2019-06-28,24.7,22.3,29.0,0.0,1.7,67.3,2.4
179,2019-06-29,23.1,19.6,27.7,1.5,1.2,72.0,4.1
180,2019-06-30,23.9,20.9,28.5,0.0,2.3,73.5,5.2
181,2019-07-01,23.9,20.6,28.9,0.0,2.3,64.4,10.9
182,2019-07-02,24.4,20.8,30.1,0.0,2.3,63.5,11.9
183,2019-07-03,24.1,21.2,27.4,0.0,1.7,64.6,3.3
184,2019-07-04,25.4,20.0,32.8,0.0,1.9,59.6,12.7
185,2019-07-05,27.6,20.2,35.0,0.0,1.5,42.1,11.8
186,2019-07-06,29.7,24.6,36.1,0.0,1.7,40.9,11.8
187,2019-07-07,26.7,22.7,32.5,0.0,2.2,43.3,9.8
188,2019-07-08,25.1,21.2,31.0,0.0,2.0,46.6,9.3
189,2019-07-09,25.0,19.7,30.0,0.0,1.8,46.4,7.7
190,2019-07-10,22.7,19.3,27.3,8.5,2.0,64.1,3.1
191,2019-07-11,21.9,19.5,25.9,2.9,1.3,76.9,0.0
192,2019-07-12,23.6,20.0,28.7,0.0,2.0,65.5,7.0
193,2019-07-13,24.9,22.1,29.7,0.0,1.7,67.3,4.1
194,2019-07-14,25.9,21.2,31.6,0.0,1.6,64.6,7.8
195,2019-07-15,23.8,22.1,27.4,7.7,1.1,80.0,0.1
196,2019-07-16,24.7,21.4,28.8,6.3,1.3,79.0,4.0
197,2019-07-17,25.6,22.3,29.2,0.7,1.2,73.9,1.0
198,2019-07-18,26.9,23.3,32.1,0.0,1.2,65.0,3.2
199,2019-07-19,28.6,22.8,35.0,0.0,1.5,61.3,9.8
200,2019-07-20,28.0,25.1,31.9,1.1,2.1,66.9,1.2
201,2019-07-21,25.1,24.2,27.0,6.2,2.2,87.1,0.6
202,2019-07-22,26.7,24.2,31.0,0.1,2.2,74.6,6.1
203,2019-07-23,28.1,24.4,32.9,0.0,1.7,70.8,4.0
204,2019-07-24,26.5,25.2,27.2,1.0,1.6,82.3,0.0
205,2019-07-25,26.3,25.6,27.4,9.7,1.2,90.1,0.0
206,2019-07-26,25.1,23.7,25.9,60.0,1.7,95.3,0.0
207,2019-07-27,28.4,24.9,33.4,0.6,1.3,76.6,4.7
208,2019-07-28,26.1,25.0,28.2,25.6,2.2,88.3,0.0
209,2019-07-29,27.5,25.6,30.0,0.5,2.6,74.5,2.6
210,2019-07-30,28.1,26.3,30.8,1.2,3.4,75.3,1.6
211,2019-07-31,25.8,24.0,27.5,62.3,2.2,91.1,0.0
212,2019-08-01,26.3,23.5,30.1,26.9,1.7,86.4,4.9
213,2019-08-02,28.4,24.7,33.1,0.0,1.2,74.6,8.3
214,2019-08-03,29.4,25.6,36.0,3.0,1.3,69.0,10.6
215,2019-08-04,28.3,25.0,34.4,8.6,1.2,75.9,8.6
216,2019-08-05,30.5,25.6,35.9,0.0,1.1,65.5,11.2
217,2019-08-06,31.6,27.9,36.8,0.0,1.5,51.4,9.9
218,2019-08-07,26.9,23.9,30.3,8.0,1.2,78.1,1.9
219,2019-08-08,28.9,25.9,32.7,0.0,1.6,71.4,7.5
220,2019-08-09,29.8,26.0,34.6,0.0,1.3,69.0,10.8
221,2019-08-10,31.5,26.6,36.5,0.0,1.5,57.9,11.6
222,2019-08-11,30.4,26.3,35.7,6.7,2.5,53.6,9.8
223,2019-08-12,26.6,24.8,28.5,56.2,1.3,91.8,0.3
224,2019-08-13,29.2,25.1,35.3,6.4,1.5,76.9,7.3
225,2019-08-14,30.4,25.9,35.7,0.0,1.5,63.9,9.2
226,2019-08-15,25.9,23.9,28.6,16.2,1.3,82.0,0.1
227,2019-08-16,25.9,23.0,29.5,0.1,2.2,74.5,7.5
228,2019-08-17,25.9,23.4,28.8,0.0,2.5,69.5,8.1
229,2019-08-18,25.6,22.6,30.7,0.0,1.7,66.5,10.7
230,2019-08-19,26.3,21.2,31.3,0.0,1.1,60.6,11.1
231,2019-08-20,28.2,23.2,32.8,0.0,1.5,56.3,10.5
232,2019-08-21,27.0,24.4,30.4,1.3,1.2,67.3,3.2
233,2019-08-22,26.9,23.0,31.4,0.0,1.7,66.5,10.7
234,2019-08-23,26.2,22.7,30.5,0.0,2.1,58.4,12.0
235,2019-08-24,24.1,21.5,27.3,0.0,1.5,60.9,3.0
236,2019-08-25,25.0,20.2,29.9,0.0,1.5,66.6,9.9
237,2019-08-26,26.4,21.5,32.1,0.0,1.2,63.8,9.2
238,2019-08-27,25.7,22.2,29.3,20.0,1.0,71.1,5.6
239,2019-08-28,26.1,23.6,30.2,0.0,1.9,66.2,0.0
240,2019-08-29,23.4,20.1,26.4,36.9,2.2,77.1,4.9
241,2019-08-30,22.6,19.5,27.0,0.2,2.4,66.3,8.8
242,2019-08-31,23.5,18.5,28.9,0.0,1.9,65.0,12.1
243,2019-09-01,23.7,19.2,27.8,0.0,1.4,64.0,6.9
244,2019-09-02,24.4,19.4,29.7,0.0,1.6,56.6,7.4
245,2019-09-03,24.1,22.0,28.0,0.0,2.3,67.6,2.9
246,2019-09-04,22.8,21.2,25.5,22.7,2.5,89.0,1.1
247,2019-09-05,23.0,21.5,27.6,36.4,2.0,91.4,1.5
248,2019-09-06,25.3,21.6,29.1,2.4,2.1,79.8,0.4
249,2019-09-07,25.7,22.6,29.5,2.8,6.0,72.9,0.0
250,2019-09-08,24.7,22.9,27.3,0.0,1.9,76.9,1.4
251,2019-09-09,25.1,22.4,28.0,0.0,1.7,74.3,2.0
252,2019-09-10,23.8,22.1,26.5,63.2,2.4,93.4,1.0
253,2019-09-11,24.3,20.4,28.7,7.6,3.1,71.4,6.9
254,2019-09-12,21.0,18.7,22.9,3.9,2.6,72.3,0.0
255,2019-09-13,23.3,18.3,29.3,0.1,1.7,60.4,10.9
256,2019-09-14,22.4,20.8,24.1,0.3,1.2,80.0,0.2
257,2019-09-15,24.2,19.5,30.0,0.0,1.7,70.4,10.6
258,2019-09-16,24.5,20.7,30.5,0.0,2.1,53.0,9.4
259,2019-09-17,23.5,18.0,29.0,0.0,2.1,41.6,10.6
260,2019-09-18,21.0,16.0,25.4,0.0,3.1,46.0,11.7
261,2019-09-19,19.5,13.6,26.0,0.0,1.9,46.5,10.2
262,2019-09-20,19.6,15.8,24.2,0.0,2.1,52.8,1.3
263,2019-09-21,19.6,18.3,22.1,0.0,2.0,60.3,0.0
264,2019-09-22,18.6,17.3,19.6,0.4,3.8,63.4,0.0
265,2019-09-23,20.0,16.9,24.6,0.0,2.2,51.1,9.0
266,2019-09-24,19.8,13.9,26.5,0.0,1.8,61.3,11.4
267,2019-09-25,20.9,14.8,27.4,0.0,1.4,64.4,8.8
268,2019-09-26,22.9,17.7,29.0,0.0,1.9,59.3,8.1
269,2019-09-27,22.9,19.6,27.0,0.0,1.9,57.5,3.5
270,2019-09-28,23.7,19.4,29.2,0.0,1.7,58.9,10.1
271,2019-09-29,22.6,17.9,28.6,0.0,1.7,60.6,11.1
272,2019-09-30,22.4,16.4,29.9,0.0,1.6,61.0,10.5
273,2019-10-01,23.1,17.6,28.2,0.0,1.8,67.1,7.5
274,2019-10-02,21.6,20.0,24.2,23.1,3.0,88.0,0.0
275,2019-10-03,22.4,19.8,27.3,4.6,2.8,73.4,6.0
276,2019-10-04,22.4,18.0,27.8,0.0,2.1,71.5,9.9
277,2019-10-05,18.7,14.7,21.9,0.6,2.9,72.6,2.3
278,2019-10-06,18.1,13.2,22.7,0.0,2.9,53.4,9.4
279,2019-10-07,14.8,13.3,17.9,25.4,1.8,92.0,0.0
280,2019-10-08,14.7,10.6,19.8,0.0,2.6,58.8,10.3
281,2019-10-09,13.6,7.7,20.4,0.0,1.7,48.3,10.6
282,2019-10-10,15.2,10.7,19.8,0.0,1.3,60.9,1.1
283,2019-10-11,18.8,13.0,26.1,0.0,1.9,60.0,10.3
284,2019-10-12,17.9,13.3,23.3,0.0,3.5,49.3,10.5
285,2019-10-13,17.2,12.1,23.8,0.0,1.9,52.6,10.6
286,2019-10-14,14.4,9.5,19.6,0.0,2.5,56.9,10.1
287,2019-10-15,14.5,8.8,20.4,0.0,1.6,55.6,7.7
288,2019-10-16,14.6,9.0,20.8,0.0,1.6,58.3,9.8
289,2019-10-17,15.4,11.2,21.6,0.0,1.7,56.0,7.4
290,2019-10-18,17.0,12.0,22.7,0.0,2.4,58.3,8.0
291,2019-10-19,17.0,12.1,23.1,0.0,1.8,63.8,10.2
292,2019-10-20,16.5,12.0,22.9,0.0,1.3,70.3,9.3
293,2019-10-21,17.1,10.9,24.6,0.0,1.0,61.0,9.6
294,2019-10-22,18.1,13.3,24.4,0.0,1.6,56.1,9.1
295,2019-10-23,17.0,14.3,20.7,0.0,2.4,57.3,0.7
296,2019-10-24,18.3,15.3,23.8,0.0,2.7,47.6,6.6
297,2019-10-25,16.7,13.1,22.0,0.0,2.4,58.0,7.1
298,2019-10-26,10.0,6.6,14.9,0.0,2.5,60.0,8.7
299,2019-10-27,11.0,4.7,17.4,0.0,1.6,59.0,9.8
300,2019-10-28,12.9,7.4,17.7,1.7,2.5,65.9,7.3
301,2019-10-29,12.5,8.2,17.6,0.1,2.3,61.0,9.0
302,2019-10-30,11.2,5.0,17.7,0.0,1.6,60.3,9.6
303,2019-10-31,14.8,8.4,19.7,0.0,2.3,73.8,8.0
304,2019-11-01,14.9,11.4,20.5,0.0,1.8,57.9,9.5
305,2019-11-02,13.6,8.3,18.7,0.0,1.5,57.3,3.3
306,2019-11-03,14.7,9.4,22.1,0.0,2.1,57.8,7.8
307,2019-11-04,13.8,9.2,20.3,0.0,2.1,57.8,9.7
308,2019-11-05,12.4,8.4,18.4,0.0,1.6,65.1,8.0
309,2019-11-06,11.0,6.3,16.5,0.0,1.8,63.6,7.5
310,2019-11-07,9.2,5.0,13.6,0.0,2.7,42.8,9.5
311,2019-11-08,6.8,1.1,13.0,0.0,1.9,31.4,9.7
312,2019-11-09,9.5,3.5,17.2,0.0,1.6,41.4,9.7
313,2019-11-10,10.0,6.2,15.3,11.8,2.1,59.6,3.3
314,2019-11-11,11.2,7.9,15.1,1.1,2.4,71.6,7.2
315,2019-11-12,9.3,4.8,14.5,0.0,1.4,63.6,5.7
316,2019-11-13,7.2,3.0,11.3,7.5,2.8,72.3,0.0
317,2019-11-14,1.3,-2.5,5.0,0.0,2.9,30.6,9.7
318,2019-11-15,5.6,1.4,7.6,18.8,2.0,87.4,0.1
319,2019-11-16,6.8,3.8,12.7,0.0,1.6,81.3,5.6
320,2019-11-17,8.3,5.6,10.5,21.1,3.1,79.4,0.0
321,2019-11-18,4.6,0.4,12.7,14.7,3.9,59.8,8.0
322,2019-11-19,0.2,-3.5,4.0,0.0,2.8,48.0,9.4
323,2019-11-20,0.5,-4.6,6.3,0.0,1.8,35.5,9.4
324,2019-11-21,4.2,-2.3,9.0,0.0,1.9,37.4,5.7
325,2019-11-22,9.7,3.0,17.3,0.0,2.1,34.1,9.0
326,2019-11-23,12.1,7.7,17.7,0.0,1.8,52.0,8.0
327,2019-11-24,9.8,4.6,15.6,3.8,2.2,74.6,1.8
328,2019-11-25,1.9,-1.2,6.0,0.0,2.7,62.1,5.8
329,2019-11-26,6.6,1.2,13.7,0.0,2.0,64.0,7.9
330,2019-11-27,3.1,0.3,6.8,0.0,2.7,50.8,8.3
331,2019-11-28,3.5,-0.6,10.4,0.0,2.0,52.4,9.0
332,2019-11-29,1.5,-3.4,6.9,0.0,2.0,42.8,9.3
333,2019-11-30,4.1,-1.4,9.3,0.0,1.7,42.6,5.3
334,2019-12-01,4.6,2.3,6.2,3.3,1.6,79.4,0.0
335,2019-12-02,-0.1,-3.2,2.8,0.0,3.1,48.0,8.8
336,2019-12-03,0.5,-5.0,4.2,0.6,1.6,61.3,3.1
337,2019-12-04,2.0,-2.0,7.2,0.0,1.8,41.6,8.7
338,2019-12-05,-4.4,-8.5,-0.2,0.0,3.2,31.9,9.2
339,2019-12-06,-5.9,-10.6,-1.0,0.0,1.7,34.5,9.3
340,2019-12-07,-2.4,-5.5,1.2,0.1,1.7,65.0,1.1
341,2019-12-08,-0.9,-5.5,4.9,0.0,1.4,65.1,8.9
342,2019-12-09,3.2,-1.3,8.0,0.0,2.5,56.8,1.4
343,2019-12-10,8.1,6.0,10.8,1.7,1.2,82.3,2.0
344,2019-12-11,6.3,0.1,9.8,0.2,3.4,62.0,5.2
345,2019-12-12,-0.7,-3.5,3.4,0.0,1.8,45.4,9.1
346,2019-12-13,2.1,-3.7,5.9,1.0,2.0,53.6,3.4
347,2019-12-14,2.7,-0.1,6.4,0.0,2.3,58.3,8.3
348,2019-12-15,5.3,0.4,11.0,0.0,2.0,52.5,7.3
349,2019-12-16,7.8,2.1,12.9,0.0,1.9,58.9,6.6
350,2019-12-17,7.7,3.2,10.2,9.8,2.3,81.4,0.0
351,2019-12-18,0.8,-1.7,5.2,0.0,2.5,64.6,8.4
352,2019-12-19,-0.8,-4.5,3.1,0.0,2.4,47.8,8.5
353,2019-12-20,-1.1,-3.5,2.0,0.0,2.3,45.3,8.9
354,2019-12-21,-1.2,-5.1,1.5,0.6,1.7,68.1,1.9
355,2019-12-22,4.1,0.3,8.4,0.3,1.7,63.4,5.2
356,2019-12-23,3.4,0.3,5.2,2.9,2.0,80.4,2.4
357,2019-12-24,0.8,-2.9,6.5,0.0,1.4,67.9,8.0
358,2019-12-25,2.0,-2.7,6.6,0.0,1.0,60.8,3.3
359,2019-12-26,2.0,-2.4,4.1,0.3,2.4,59.0,1.3
360,2019-12-27,-1.7,-4.6,2.6,0.0,2.1,45.4,9.0
361,2019-12-28,1.1,-3.6,6.1,0.0,2.0,47.6,5.8
362,2019-12-29,3.8,1.1,6.2,1.4,2.9,52.5,0.0
363,2019-12-30,2.7,-5.7,6.8,0.4,2.9,70.3,0.0
364,2019-12-31,-7.9,-10.9,-4.5,0.0,3.1,39.3,9.1
365,2020-01-01,-2.2,-6.5,0.3,0.1,0.6,64.4,0.8
366,2020-01-02,1.0,-0.7,3.8,0.0,1.2,65.4,0.0
367,2020-01-03,-0.1,-3.4,4.6,0.0,1.7,56.9,8.8
368,2020-01-04,1.2,-2.8,6.1,0.0,1.9,50.8,7.9
369,2020-01-05,1.3,-3.2,6.6,0.0,1.1,45.6,7.1
370,2020-01-06,3.1,0.6,4.6,1.8,3.1,65.4,0.0
371,2020-01-07,6.3,4.2,7.7,46.3,4.0,95.0,0.0
372,2020-01-08,2.4,-0.4,8.9,11.6,3.3,86.1,0.0
373,2020-01-09,-1.2,-3.1,2.0,0.0,2.3,65.3,8.7
374,2020-01-10,-0.6,-4.3,4.2,0.0,1.5,62.9,7.5
375,2020-01-11,-0.1,-2.6,3.9,0.0,1.9,60.9,8.1
376,2020-01-12,-1.0,-3.5,2.8,0.0,2.4,61.5,8.6
377,2020-01-13,-2.9,-4.7,0.2,0.0,2.3,51.0,8.1
378,2020-01-14,-2.3,-5.7,2.6,0.0,1.6,45.3,8.5
379,2020-01-15,-2.7,-6.4,2.2,0.0,1.9,44.8,9.2
380,2020-01-16,-1.7,-5.5,3.2,0.0,1.6,43.0,8.3
381,2020-01-17,-0.6,-4.8,4.9,0.0,1.5,43.9,7.6
382,2020-01-18,0.3,-4.1,5.9,0.0,1.8,48.1,9.1
383,2020-01-19,1.9,-0.4,5.3,0.6,2.2,62.8,4.8
384,2020-01-20,0.7,-3.3,5.5,0.0,2.5,46.8,8.7
385,2020-01-21,-0.4,-5.6,5.5,0.0,1.4,36.9,9.2
386,2020-01-22,3.0,-0.1,7.8,0.0,1.7,36.0,3.7
387,2020-01-23,4.6,0.0,9.9,0.0,2.0,49.3,8.8
388,2020-01-24,2.8,-1.3,7.4,0.0,1.7,63.0,8.8
389,2020-01-25,4.3,0.6,8.8,0.0,1.5,63.1,3.6
390,2020-01-26,5.5,-0.2,11.9,0.0,2.7,56.3,7.3
391,2020-01-27,5.9,4.8,7.5,0.1,4.6,48.1,0.0
392,2020-01-28,6.8,4.3,9.9,0.0,2.6,49.4,0.0
393,2020-01-29,6.0,3.2,9.6,0.0,2.1,46.4,3.1
394,2020-01-30,5.2,1.4,10.4,0.0,1.8,47.0,5.5
395,2020-01-31,3.9,1.4,8.9,0.0,2.3,59.6,6.1
396,2020-02-01,2.6,-1.2,7.6,0.0,1.7,66.6,5.3
397,2020-02-02,1.5,-2.1,5.3,0.0,1.8,52.3,4.8
398,2020-02-03,-0.4,-2.9,3.0,0.0,3.1,43.6,9.6
399,2020-02-04,-1.6,-6.0,3.9,1.7,2.8,50.3,6.4
400,2020-02-05,-8.3,-11.0,-4.9,0.0,3.3,37.3,9.7
401,2020-02-06,-6.4,-11.8,0.4,0.0,1.9,36.4,9.7
402,2020-02-07,-1.7,-7.2,2.2,0.0,2.0,45.1,6.1
403,2020-02-08,-0.1,-2.3,3.7,0.0,3.0,48.1,9.6
404,2020-02-09,-0.5,-5.6,4.1,0.0,2.0,51.1,9.6
405,2020-02-10,4.0,-0.7,9.6,0.0,1.7,49.4,9.7
406,2020-02-11,6.8,-0.5,14.6,0.0,1.6,37.0,7.6
407,2020-02-12,7.4,6.5,8.2,6.7,2.2,73.4,0.0
408,2020-02-13,6.5,4.9,8.7,0.0,1.7,84.8,1.3
409,2020-02-14,8.1,3.2,14.7,0.0,1.2,70.3,8.7
410,2020-02-15,9.8,6.2,15.6,2.0,2.7,63.0,5.0
411,2020-02-16,-1.4,-4.3,7.7,13.4,4.0,81.1,1.6
412,2020-02-17,-5.9,-7.1,-3.9,1.0,3.4,64.3,3.2
413,2020-02-18,-4.1,-8.3,1.3,0.0,2.3,44.0,10.1
414,2020-02-19,1.0,-4.4,6.4,0.0,1.5,56.8,7.4
415,2020-02-20,4.6,-0.6,10.8,0.0,1.7,62.6,9.4
416,2020-02-21,6.7,2.1,10.9,4.2,2.2,66.3,1.1
417,2020-02-22,4.0,0.0,7.9,3.1,4.0,62.0,5.9
418,2020-02-23,2.5,-2.5,8.0,0.0,2.0,48.6,10.2
419,2020-02-24,7.0,0.8,12.2,0.0,1.6,51.8,7.7
420,2020-02-25,6.7,4.7,9.4,16.6,4.2,73.5,0.6
421,2020-02-26,6.4,2.8,10.4,0.0,2.1,59.6,4.8
422,2020-02-27,6.1,1.3,12.5,0.0,2.0,54.0,10.4
423,2020-02-28,4.5,3.6,5.9,3.9,1.4,79.4,0.0
424,2020-02-29,7.7,4.5,13.0,0.5,1.7,68.6,9.5
425,2020-03-01,5.8,3.2,10.1,0.2,2.0,71.8,0.2
426,2020-03-02,3.4,0.0,7.6,0.0,2.7,55.3,10.0
427,2020-03-03,4.8,0.3,10.5,0.0,2.6,57.0,4.1
428,2020-03-04,2.2,-1.3,4.6,0.0,3.7,53.4,6.6
429,2020-03-05,1.4,-2.8,6.3,0.0,2.5,47.5,10.9
430,2020-03-06,3.7,-2.5,10.1,0.0,1.6,46.8,10.6
431,2020-03-07,7.0,1.3,14.2,0.0,2.0,39.5,5.9
432,2020-03-08,9.3,2.3,16.9,0.0,1.6,43.8,10.7
433,2020-03-09,11.1,4.8,17.6,0.0,1.8,37.6,7.1
434,2020-03-10,6.4,3.2,10.8,11.8,2.8,78.4,0.0
435,2020-03-11,3.8,0.0,8.3,0.0,3.3,41.8,11.2
436,2020-03-12,6.8,0.2,13.3,0.0,2.5,49.8,8.1
437,2020-03-13,4.9,-0.1,8.7,0.5,3.3,41.0,9.7
438,2020-03-14,3.6,-2.7,8.6,0.0,3.0,48.1,10.0
439,2020-03-15,4.0,0.2,8.5,0.0,3.6,48.3,8.5
440,2020-03-16,3.6,-2.1,9.1,0.0,2.8,42.4,11.3
441,2020-03-17,6.6,3.1,12.3,0.0,2.1,65.8,4.2
442,2020-03-18,10.0,2.7,17.0,0.0,1.8,45.8,11.1
443,2020-03-19,9.1,5.8,12.1,0.0,4.8,49.0,7.7
444,2020-03-20,8.8,3.1,14.0,0.0,3.1,39.6,11.0
445,2020-03-21,12.8,7.9,19.5,0.0,2.0,56.5,6.1
446,2020-03-22,11.0,6.1,16.5,0.0,3.0,37.5,11.6
447,2020-03-23,10.6,5.4,17.0,0.0,1.9,37.9,11.5
448,2020-03-24,11.4,5.3,17.9,0.0,1.8,35.0,11.5
449,2020-03-25,12.5,6.1,19.2,0.0,1.9,33.6,9.2
450,2020-03-26,14.8,8.1,20.6,1.8,1.9,53.8,4.3
451,2020-03-27,11.9,6.7,15.8,2.0,3.3,56.4,7.4
452,2020-03-28,7.7,4.5,12.8,0.0,3.2,17.9,9.1
453,2020-03-29,8.7,1.3,16.1,0.0,2.0,30.6,11.6
454,2020-03-30,10.2,4.3,16.9,0.0,1.8,38.4,11.7
455,2020-03-31,11.9,4.7,18.6,0.0,2.0,34.5,10.0
456,2020-04-01,11.3,6.0,17.4,0.0,3.7,35.6,8.6
457,2020-04-02,9.3,3.4,15.5,0.0,2.3,41.4,10.6
458,2020-04-03,10.0,5.3,16.3,0.0,2.7,53.8,10.7
459,2020-04-04,8.9,5.0,13.3,0.0,3.4,36.4,10.4
460,2020-04-05,7.2,1.9,13.7,0.0,2.8,29.5,12.1
461,2020-04-06,9.3,2.9,16.1,0.0,2.4,38.3,11.4
462,2020-04-07,10.6,6.0,16.8,0.0,2.5,56.6,9.0
463,2020-04-08,9.4,5.2,14.2,0.0,3.5,25.5,12.3
464,2020-04-09,8.9,4.3,14.7,0.0,2.8,44.6,11.8
465,2020-04-10,10.7,5.8,16.8,0.0,2.4,52.6,9.2
466,2020-04-11,9.9,6.2,16.0,0.0,2.5,63.8,8.8
467,2020-04-12,9.9,4.4,15.6,0.0,3.8,58.6,8.3
468,2020-04-13,12.4,4.3,20.4,0.0,3.1,39.4,12.2
469,2020-04-14,13.0,7.6,19.6,0.0,2.4,46.8,12.1
470,2020-04-15,13.2,7.2,20.2,0.0,2.2,39.8,10.0
471,2020-04-16,16.0,8.9,23.8,0.0,2.3,39.9,10.6
472,2020-04-17,12.5,10.4,15.4,6.5,2.4,77.8,0.3
473,2020-04-18,13.5,8.5,19.6,0.0,2.6,67.9,10.4
474,2020-04-19,12.3,9.5,15.5,10.3,2.7,75.8,0.3
475,2020-04-20,10.0,7.6,13.1,0.1,3.3,73.0,1.3
476,2020-04-21,7.4,4.8,10.4,0.0,4.4,49.0,10.1
477,2020-04-22,6.0,4.1,8.3,0.0,4.0,46.8,5.3
478,2020-04-23,7.9,2.9,12.8,0.0,3.7,47.8,11.8
479,2020-04-24,9.9,4.1,14.3,0.0,3.9,55.6,12.0
480,2020-04-25,13.1,9.9,17.1,0.0,3.9,54.4,8.5
481,2020-04-26,12.3,6.8,19.0,0.0,3.2,43.1,12.5
482,2020-04-27,12.9,8.7,18.3,0.0,2.8,49.8,9.7
483,2020-04-28,13.9,7.8,19.9,0.0,3.0,50.0,12.6
484,2020-04-29,14.9,9.3,21.0,0.0,2.6,48.6,12.2
485,2020-04-30,17.1,9.3,23.4,0.0,2.7,57.1,8.2
486,2020-05-01,20.2,16.4,26.2,0.0,2.7,73.6,6.1
487,2020-05-02,20.3,18.0,23.9,0.0,2.3,79.6,0.2
488,2020-05-03,21.8,17.0,27.4,0.0,2.0,68.8,5.9
489,2020-05-04,20.2,14.8,25.3,0.0,2.7,63.9,10.1
490,2020-05-05,16.0,13.1,19.3,0.0,1.9,67.9,3.3
491,2020-05-06,19.4,11.1,27.6,0.0,2.1,50.0,12.8
492,2020-05-07,20.7,14.9,26.5,0.0,2.5,32.5,8.7
493,2020-05-08,19.9,14.3,27.3,2.3,2.4,32.8,7.5
494,2020-05-09,14.2,12.7,16.8,24.4,3.6,94.4,0.0
495,2020-05-10,14.4,12.8,16.6,1.3,2.5,88.6,0.4
496,2020-05-11,16.5,12.4,22.0,3.4,3.0,61.0,7.2
497,2020-05-12,14.3,10.5,18.9,0.7,2.9,69.4,5.0
498,2020-05-13,16.1,10.2,21.8,0.0,2.8,47.3,13.0
499,2020-05-14,19.3,12.4,25.4,0.0,2.0,35.4,6.6
500,2020-05-15,16.1,14.1,20.2,12.0,3.0,81.4,0.0
501,2020-05-16,16.7,15.0,20.3,2.5,1.6,90.3,0.6
502,2020-05-17,19.1,14.6,24.9,0.0,1.7,80.1,3.9
503,2020-05-18,19.1,13.2,26.8,29.8,2.4,79.4,3.2
504,2020-05-19,13.0,10.1,17.1,19.0,3.2,73.6,3.0
505,2020-05-20,14.4,9.2,20.1,0.0,1.9,60.4,4.5
506,2020-05-21,17.4,10.9,22.9,0.0,2.1,56.1,9.4
507,2020-05-22,18.5,14.8,22.7,0.0,1.9,68.5,0.7
508,2020-05-23,20.1,16.6,25.0,0.0,2.2,66.1,6.8
509,2020-05-24,17.1,14.3,20.2,14.5,2.9,84.8,1.1
510,2020-05-25,16.6,13.7,21.3,0.0,2.1,81.0,2.5
511,2020-05-26,16.2,12.7,22.9,1.5,2.1,81.9,4.8
512,2020-05-27,17.4,11.8,23.9,0.0,2.6,68.5,13.2
513,2020-05-28,18.7,14.2,23.4,0.0,1.9,62.8,8.4
514,2020-05-29,20.7,14.6,27.6,0.0,2.0,65.6,12.7
515,2020-05-30,22.6,16.5,30.0,0.0,1.9,57.3,11.3
516,2020-05-31,21.2,17.6,28.0,1.0,2.3,63.0,5.0
517,2020-06-01,19.7,16.6,24.5,0.4,3.4,64.3,11.5
518,2020-06-02,17.9,14.8,21.8,2.0,2.2,71.0,0.2
519,2020-06-03,22.0,17.6,28.4,0.0,2.4,73.3,9.5
520,2020-06-04,21.9,19.7,26.5,0.2,2.7,81.1,4.7
521,2020-06-05,23.0,18.4,28.7,0.0,1.8,69.4,8.8
522,2020-06-06,24.6,19.2,30.9,0.0,2.0,63.6,8.6
523,2020-06-07,22.7,19.2,29.2,0.0,2.3,69.4,9.2
524,2020-06-08,25.0,19.8,32.0,0.0,2.1,63.6,11.3
525,2020-06-09,26.7,20.3,32.8,0.0,2.3,51.6,12.9
526,2020-06-10,25.8,22.5,32.1,6.2,2.0,63.8,5.2
527,2020-06-11,26.1,21.7,31.6,0.0,2.2,68.3,8.0
528,2020-06-12,24.7,21.6,27.6,0.0,1.7,68.6,0.5
529,2020-06-13,26.9,20.6,33.5,0.0,1.9,52.8,9.7
530,2020-06-14,24.0,20.1,28.8,1.1,2.9,70.6,8.1
531,2020-06-15,23.0,18.2,28.6,0.0,2.8,62.3,10.1
532,2020-06-16,24.4,20.0,30.7,0.0,2.2,63.0,7.5
533,2020-06-17,24.3,20.2,30.3,0.0,2.0,58.6,5.9
534,2020-06-18,23.4,20.3,27.3,0.0,1.6,61.4,0.1
535,2020-06-19,24.7,21.1,30.0,0.1,2.1,61.4,6.0
536,2020-06-20,24.9,20.7,29.7,0.0,2.1,62.6,11.7
537,2020-06-21,26.1,19.5,32.7,0.0,2.0,59.5,13.5
538,2020-06-22,28.6,21.7,35.4,0.0,2.0,50.5,13.3
539,2020-06-23,27.3,23.2,31.0,0.0,1.9,53.5,5.1
540,2020-06-24,22.3,19.9,26.3,37.6,2.7,83.5,0.0
541,2020-06-25,21.6,20.1,23.4,13.3,2.2,91.0,0.1
542,2020-06-26,21.8,19.2,25.7,2.1,3.2,82.1,3.1
543,2020-06-27,24.1,20.4,29.6,0.0,2.0,70.4,7.4
544,2020-06-28,25.2,21.5,30.1,0.0,2.4,70.5,12.4
545,2020-06-29,23.8,20.6,26.5,11.9,2.4,77.0,1.7
546,2020-06-30,20.1,18.4,23.1,64.7,4.0,83.0,0.0
547,2020-07-01,21.1,18.1,24.3,0.0,1.9,79.3,0.2
548,2020-07-02,24.2,20.4,29.8,0.0,1.9,74.5,5.4
549,2020-07-03,25.5,21.6,30.6,0.1,2.6,63.5,9.6
550,2020-07-04,24.2,20.4,29.5,1.6,2.1,63.9,9.5
551,2020-07-05,23.8,19.9,27.6,0.0,1.9,68.6,6.4
552,2020-07-06,25.6,21.8,30.9,0.0,2.1,66.6,5.0
553,2020-07-07,24.1,22.1,28.1,0.0,2.5,75.5,4.0
554,2020-07-08,25.5,21.3,30.4,0.0,2.0,71.9,10.0
555,2020-07-09,27.5,21.8,32.9,0.0,1.7,64.6,7.7
556,2020-07-10,24.5,22.7,27.7,2.2,2.8,75.0,3.1
557,2020-07-11,25.8,22.2,30.2,0.0,2.6,62.6,6.6
558,2020-07-12,23.5,21.7,26.0,2.9,2.4,71.9,0.0
559,2020-07-13,18.7,17.7,21.7,47.6,4.0,94.8,0.0
560,2020-07-14,20.3,17.2,24.3,11.5,2.8,79.4,0.1
561,2020-07-15,23.4,18.9,28.7,0.0,2.0,63.1,9.3
562,2020-07-16,25.0,20.4,29.7,0.0,1.8,70.9,10.2
563,2020-07-17,26.0,21.5,31.6,0.0,1.9,72.0,7.5
564,2020-07-18,26.1,22.8,31.0,0.0,1.6,71.6,4.3
565,2020-07-19,24.0,20.6,26.6,29.1,2.7,81.6,0.0
566,2020-07-20,23.8,22.4,26.6,3.6,3.7,86.3,0.0
567,2020-07-21,25.0,21.4,30.5,0.0,1.6,77.0,4.0
568,2020-07-22,23.7,22.6,25.7,11.5,1.6,89.3,0.0
569,2020-07-23,21.1,18.5,22.6,103.1,3.6,95.5,0.0
570,2020-07-24,22.5,18.7,26.8,2.9,4.6,74.3,1.0
571,2020-07-25,24.3,22.3,29.0,0.0,3.1,69.3,1.9
572,2020-07-26,25.4,21.6,29.6,0.0,2.0,69.3,5.6
573,2020-07-27,24.3,22.9,25.5,2.2,2.2,86.4,0.0
574,2020-07-28,24.4,22.7,26.4,0.4,2.0,84.8,0.0
575,2020-07-29,23.7,22.6,24.9,50.1,2.0,95.8,0.0
576,2020-07-30,25.3,23.4,28.4,0.1,2.1,85.5,3.0
577,2020-07-31,26.2,22.8,29.6,1.5,2.0,81.9,5.0
578,2020-08-01,25.3,24.3,26.9,39.1,1.7,90.9,0.0
579,2020-08-02,24.9,23.5,26.4,31.4,2.3,96.3,0.0
580,2020-08-03,25.0,23.9,26.3,102.6,3.0,96.3,0.0
581,2020-08-04,27.0,25.0,29.4,3.9,3.5,89.3,0.4
582,2020-08-05,26.5,25.5,29.1,18.5,1.9,92.1,0.1
583,2020-08-06,24.1,22.9,26.0,75.7,3.3,92.8,0.2
584,2020-08-07,24.3,22.6,26.1,0.0,1.8,85.3,0.0
585,2020-08-08,24.2,22.7,26.1,19.1,2.3,89.5,1.8
586,2020-08-09,24.9,23.7,25.8,50.3,2.6,95.4,0.0
587,2020-08-10,26.5,24.7,29.5,44.6,2.0,91.6,0.2
588,2020-08-11,24.6,22.4,27.3,97.0,2.2,92.5,0.5
589,2020-08-12,27.2,23.5,31.3,0.0,1.9,83.9,2.1
590,2020-08-13,28.0,26.3,30.3,0.0,2.5,82.4,0.2
591,2020-08-14,27.1,26.5,28.0,0.4,3.5,86.1,0.0
592,2020-08-15,26.1,25.0,27.0,69.0,1.9,96.0,0.0
593,2020-08-16,27.4,25.3,30.8,0.0,3.0,82.6,2.4
594,2020-08-17,28.2,26.1,32.2,0.0,2.3,77.9,5.8
595,2020-08-18,27.5,24.0,31.9,0.0,1.6,76.3,7.9
596,2020-08-19,27.1,23.6,31.4,0.0,2.0,76.8,9.4
597,2020-08-20,27.7,25.0,31.7,0.0,1.7,76.0,3.1
598,2020-08-21,26.6,25.2,29.2,2.5,1.6,83.1,0.8
599,2020-08-22,24.3,21.7,27.6,42.6,2.1,87.4,0.6
600,2020-08-23,25.3,21.5,29.9,0.0,1.9,78.4,6.8
601,2020-08-24,27.8,23.7,32.0,0.0,2.2,71.6,8.8
602,2020-08-25,29.9,26.0,34.5,0.0,2.1,69.5,7.6
603,2020-08-26,30.2,27.0,34.5,0.6,3.4,68.3,7.5
604,2020-08-27,27.1,25.6,28.6,8.7,3.6,84.6,0.5
605,2020-08-28,27.3,26.0,29.7,13.6,1.6,89.1,2.0
606,2020-08-29,26.8,25.5,29.0,13.6,1.3,90.1,1.7
607,2020-08-30,26.8,24.4,30.6,42.5,2.1,88.8,2.4
608,2020-08-31,26.4,23.8,30.0,0.0,2.8,77.9,1.9
609,2020-09-01,26.6,23.8,29.5,0.0,1.9,72.4,1.0
610,2020-09-02,24.3,22.6,26.4,33.3,2.3,91.3,0.0
611,2020-09-03,22.7,20.0,25.6,29.8,4.8,82.0,2.8
612,2020-09-04,23.3,19.9,27.5,0.0,2.7,63.9,10.1
613,2020-09-05,23.3,19.2,27.3,0.0,2.0,66.6,3.3
614,2020-09-06,21.7,19.5,24.4,6.4,2.7,80.0,0.0
615,2020-09-07,19.2,17.5,20.6,61.0,4.2,93.5,0.0
616,2020-09-08,23.4,20.6,26.5,0.0,4.2,71.5,9.5
617,2020-09-09,21.1,19.0,25.3,1.3,2.1,83.4,3.1
618,2020-09-10,22.8,18.8,27.0,3.9,2.0,75.8,9.0
619,2020-09-11,22.4,19.2,27.1,1.2,2.8,72.6,4.5
620,2020-09-12,20.2,18.1,23.2,5.7,2.0,83.8,0.0
621,2020-09-13,21.5,16.7,26.6,0.0,1.9,70.4,9.8
622,2020-09-14,21.3,17.6,24.9,0.0,1.8,79.3,5.7
623,2020-09-15,23.0,18.9,27.7,0.0,1.6,76.4,5.1
624,2020-09-16,22.5,21.3,24.9,0.3,1.9,79.9,0.3
625,2020-09-17,21.3,20.1,23.6,0.0,2.1,70.3,0.7
626,2020-09-18,21.5,18.1,25.8,0.0,2.8,62.0,9.8
627,2020-09-19,21.2,17.6,26.2,0.3,2.2,59.3,9.7
628,2020-09-20,19.7,15.6,24.9,0.0,2.0,57.6,11.4
629,2020-09-21,19.1,13.6,25.3,0.0,1.7,56.1,9.6
630,2020-09-22,20.2,15.5,25.6,0.0,2.8,55.3,10.7
631,2020-09-23,19.2,15.2,23.8,0.0,3.3,59.9,7.2
632,2020-09-24,20.6,16.8,25.4,0.0,3.7,59.6,8.0
633,2020-09-25,20.1,16.6,25.4,0.0,2.5,64.1,3.5
634,2020-09-26,19.3,14.8,24.8,0.0,2.4,62.5,8.0
635,2020-09-27,20.4,14.9,25.8,0.0,2.0,63.3,9.8
636,2020-09-28,20.7,15.7,26.5,0.0,2.0,66.0,10.5
637,2020-09-29,19.6,15.3,23.9,0.0,1.9,67.6,6.3
638,2020-09-30,19.6,16.2,25.7,38.3,1.7,78.0,4.9
639,2020-10-01,18.8,15.6,23.6,0.0,2.1,74.9,2.5
640,2020-10-02,19.2,16.3,21.9,0.0,2.3,79.6,1.9
641,2020-10-03,19.9,18.3,23.2,0.0,1.6,72.5,1.8
642,2020-10-04,16.6,10.6,21.8,0.0,2.8,65.1,4.3
643,2020-10-05,13.3,8.5,18.4,0.0,2.5,57.3,10.5
644,2020-10-06,14.2,9.3,19.7,0.0,2.0,55.9,10.8
645,2020-10-07,16.0,9.9,22.0,0.0,1.9,48.9,8.9
646,2020-10-08,17.2,12.1,23.1,0.0,3.1,53.0,10.8
647,2020-10-09,17.2,12.4,23.3,0.0,3.0,53.4,10.6
648,2020-10-10,16.9,12.3,21.5,0.0,2.0,60.1,7.6
649,2020-10-11,16.9,12.7,20.8,0.0,1.8,68.5,4.9
650,2020-10-12,16.2,12.1,21.3,0.0,2.2,68.6,7.5
651,2020-10-13,13.6,8.6,18.4,0.0,2.2,52.3,7.1
652,2020-10-14,12.8,8.5,18.0,0.0,2.4,47.0,5.8
653,2020-10-15,11.7,6.5,18.5,0.0,1.5,41.8,7.2
654,2020-10-16,11.8,8.6,15.4,0.0,1.5,64.3,0.0
655,2020-10-17,13.1,8.7,18.6,0.0,1.8,64.3,10.1
656,2020-10-18,13.6,7.2,20.2,0.0,2.0,65.5,9.7
657,2020-10-19,15.1,9.8,21.3,0.0,1.7,74.4,9.8
658,2020-10-20,15.2,9.9,21.7,0.0,1.6,67.1,10.0
659,2020-10-21,14.1,11.8,17.3,0.0,1.9,69.4,0.1
660,2020-10-22,13.5,8.4,18.2,0.0,2.8,66.0,5.4
661,2020-10-23,8.6,5.4,13.3,0.0,3.0,51.5,9.9
662,2020-10-24,8.7,3.2,14.0,0.0,2.5,47.6,9.9
663,2020-10-25,11.8,5.4,18.2,0.0,1.7,62.5,8.8
664,2020-10-26,12.9,8.0,19.0,0.0,1.6,71.6,9.2
665,2020-10-27,14.0,9.0,19.4,0.0,1.8,74.1,8.3
666,2020-10-28,13.8,8.6,18.2,0.0,2.5,52.1,9.2
667,2020-10-29,10.8,5.5,16.1,0.0,2.0,40.3,9.0
668,2020-10-30,11.9,5.8,19.6,0.0,1.5,42.9,9.7
669,2020-10-31,13.6,8.5,18.2,0.0,2.6,60.3,5.8
670,2020-11-01,13.7,11.6,15.0,13.6,2.3,84.3,0.0
671,2020-11-02,10.8,7.9,15.6,1.7,2.3,58.3,9.6
672,2020-11-03,5.1,2.7,8.6,0.5,3.5,47.5,9.2
673,2020-11-04,4.9,0.2,10.8,0.0,2.3,43.9,9.6
674,2020-11-05,9.6,3.4,15.9,0.0,1.8,61.5,8.4
675,2020-11-06,13.5,9.9,17.2,0.0,1.7,63.3,0.3
676,2020-11-07,14.6,12.2,18.1,0.1,2.7,68.8,7.0
677,2020-11-08,8.5,3.1,12.4,0.0,3.1,43.8,9.5
678,2020-11-09,5.5,0.7,8.9,0.0,1.8,40.9,6.0
679,2020-11-10,7.7,3.5,12.9,0.0,2.2,56.1,9.6
680,2020-11-11,9.3,3.5,16.5,0.0,1.6,53.5,9.6
681,2020-11-12,10.4,4.6,17.7,0.0,1.7,56.9,9.4
682,2020-11-13,12.2,8.5,17.6,0.0,1.6,71.5,5.5
683,2020-11-14,12.5,6.8,19.3,0.0,1.7,66.9,8.0
684,2020-11-15,11.1,8.2,14.9,0.0,1.7,75.0,6.8
685,2020-11-16,12.4,7.5,18.3,0.0,1.6,70.1,8.4
686,2020-11-17,15.9,11.7,20.0,0.1,2.3,67.5,1.3
687,2020-11-18,16.6,14.8,18.7,12.2,2.6,91.4,0.0
688,2020-11-19,13.6,6.9,19.1,86.9,4.2,90.5,0.0
689,2020-11-20,2.8,0.3,7.0,0.0,3.2,74.3,0.0
690,2020-11-21,6.5,-0.3,12.8,0.2,2.1,67.9,6.6
691,2020-11-22,5.6,1.5,9.1,4.8,2.5,80.5,0.4
692,2020-11-23,1.7,-1.5,5.9,0.0,2.3,61.4,9.2
693,2020-11-24,2.9,0.2,6.4,0.0,1.8,54.5,1.3
694,2020-11-25,4.6,0.0,9.5,0.0,1.5,64.1,4.6
695,2020-11-26,5.6,1.9,10.9,0.0,1.7,66.5,6.6
696,2020-11-27,4.1,0.6,7.7,0.0,2.7,61.6,5.0
697,2020-11-28,-0.1,-2.3,2.8,0.0,2.8,50.0,9.0
698,2020-11-29,-0.6,-3.6,2.6,0.0,2.2,59.6,1.5
699,2020-11-30,-0.2,-3.6,4.3,0.0,1.9,57.8,9.1
700,2020-12-01,1.1,-3.6,6.7,0.0,1.9,44.5,7.3
701,2020-12-02,2.4,0.5,6.1,0.0,1.8,41.4,3.4
702,2020-12-03,0.7,-2.3,4.2,0.0,2.7,47.1,9.1
703,2020-12-04,-0.6,-4.6,4.4,0.0,1.8,53.8,9.0
704,2020-12-05,2.1,-2.2,6.6,0.0,1.7,63.1,5.1
705,2020-12-06,4.5,1.2,9.1,0.0,1.8,66.9,6.0
706,2020-12-07,3.4,-0.7,6.3,0.0,2.6,57.5,7.4
707,2020-12-08,-0.5,-3.5,4.1,0.0,2.0,50.0,8.7
708,2020-12-09,1.5,-4.1,6.2,0.0,1.5,55.1,5.9
709,2020-12-10,5.8,3.2,9.3,0.0,1.7,69.9,1.1
710,2020-12-11,5.3,2.6,9.4,0.0,1.8,77.1,2.4
711,2020-12-12,2.3,-0.3,6.1,0.0,2.1,51.3,8.6
712,2020-12-13,-1.1,-6.0,2.0,2.9,2.9,74.9,1.1
713,2020-12-14,-7.7,-9.7,-5.0,0.0,3.4,49.1,8.9
714,2020-12-15,-8.3,-11.1,-4.6,0.0,2.8,43.0,9.0
715,2020-12-16,-8.3,-11.2,-3.9,0.0,2.6,43.9,9.0
716,2020-12-17,-4.9,-11.1,0.8,0.0,1.7,47.0,9.0
717,2020-12-18,-2.1,-6.4,1.8,0.2,3.0,57.0,5.5
718,2020-12-19,-5.1,-9.6,-1.2,0.0,2.4,45.1,9.0
719,2020-12-20,-3.7,-8.2,1.1,0.0,2.0,50.4,9.1
720,2020-12-21,-1.0,-6.0,4.7,0.0,1.6,64.1,8.8
721,2020-12-22,2.0,-2.5,7.2,0.0,2.0,67.6,5.2
722,2020-12-23,4.5,-0.4,8.5,0.0,2.3,76.6,1.7
723,2020-12-24,2.6,-2.0,6.1,0.0,2.9,61.5,7.9
724,2020-12-25,-0.8,-4.7,3.5,0.0,2.1,51.9,9.0
725,2020-12-26,2.2,-2.1,8.0,0.0,1.8,65.8,8.2
726,2020-12-27,5.8,1.4,10.0,0.0,1.8,62.9,5.9
727,2020-12-28,6.7,4.2,11.4,1.3,1.4,72.1,8.0
728,2020-12-29,0.1,-6.2,4.3,0.2,2.9,70.8,0.0
729,2020-12-30,-10.9,-12.9,-6.2,0.0,4.1,55.5,8.3
730,2020-12-31,-8.9,-12.9,-5.0,0.0,2.4,53.9,6.0
731,2021-01-01,-4.2,-9.8,1.6,0.0,2.0,64.0,6.5
732,2021-01-02,-5.0,-8.4,-1.4,0.0,2.6,38.5,9.0
733,2021-01-03,-5.6,-9.1,-2.0,0.0,2.0,45.0,5.5
734,2021-01-04,-3.5,-8.4,0.3,0.0,1.7,51.4,4.6
735,2021-01-05,-5.5,-9.9,-2.1,0.0,2.9,52.8,8.6
736,2021-01-06,-7.4,-12.0,-1.9,2.3,2.4,54.6,9.1
737,2021-01-07,-14.5,-16.5,-8.4,0.0,4.1,49.9,0.0
738,2021-01-08,-14.9,-18.6,-10.7,0.0,3.3,44.0,9.2
739,2021-01-09,-12.2,-16.6,-7.5,0.0,2.6,46.3,9.0
740,2021-01-10,-7.7,-12.8,-2.7,0.0,1.3,54.4,6.2
741,2021-01-11,-6.7,-9.6,-4.0,0.0,1.9,62.1,0.0
742,2021-01-12,-3.9,-9.3,-0.5,2.6,1.8,79.5,3.6
743,2021-01-13,2.0,-3.0,8.3,0.0,2.4,80.3,6.1
744,2021-01-14,1.7,-3.6,7.0,0.0,2.3,46.5,8.0
745,2021-01-15,4.5,-0.7,9.9,0.2,3.0,67.4,0.0
746,2021-01-16,-4.9,-8.7,-0.7,0.0,3.3,59.3,8.9
747,2021-01-17,-5.5,-10.8,-1.3,0.0,2.3,58.5,7.0
748,2021-01-18,-3.8,-9.1,0.2,0.3,3.2,64.3,2.5
749,2021-01-19,-6.3,-11.6,-0.2,0.0,1.8,37.9,9.2
750,2021-01-20,-0.1,-6.6,7.1,0.0,2.2,37.8,8.9
751,2021-01-21,4.5,2.5,7.0,9.2,2.3,64.4,0.0
752,2021-01-22,5.5,4.8,6.6,0.1,1.7,92.9,0.0
753,2021-01-23,7.6,4.8,12.2,0.0,4.2,66.0,5.3
754,2021-01-24,7.3,2.4,13.9,0.0,2.1,63.9,8.2
755,2021-01-25,7.9,3.0,13.9,0.0,1.9,62.0,7.6
756,2021-01-26,5.3,1.7,7.4,1.7,1.9,80.4,0.0
757,2021-01-27,1.7,-1.8,6.5,0.0,2.2,47.6,8.4
758,2021-01-28,-2.6,-9.7,1.4,2.0,4.0,52.3,2.3
759,2021-01-29,-8.8,-11.6,-4.9,0.0,3.5,40.0,9.6
760,2021-01-30,-1.6,-8.1,5.2,0.5,2.5,60.0,6.4
761,2021-01-31,3.2,-3.8,8.7,0.0,2.0,57.0,6.7
762,2021-02-01,5.0,-2.3,9.5,0.7,2.7,74.5,1.1
763,2021-02-02,-5.6,-8.2,-2.4,0.0,3.9,44.1,9.6
764,2021-02-03,-3.2,-9.4,1.4,3.4,2.2,64.6,6.6
765,2021-02-04,-3.6,-7.4,0.7,0.1,2.5,50.1,9.6
766,2021-02-05,1.4,-4.4,6.7,0.0,2.4,71.8,2.7
767,2021-02-06,6.8,4.3,9.5,0.0,2.2,80.4,0.1
768,2021-02-07,3.6,-2.6,7.7,0.0,2.9,67.0,6.0
769,2021-02-08,-3.1,-5.4,0.2,0.0,3.4,43.6,9.6
770,2021-02-09,-0.9,-6.1,4.7,0.0,2.0,51.9,9.7
771,2021-02-10,3.4,-1.5,7.2,0.0,2.1,75.1,0.7
772,2021-02-11,5.5,1.3,10.9,0.0,1.3,71.5,5.2
773,2021-02-12,6.5,0.6,14.0,0.0,1.7,60.6,9.2
774,2021-02-13,7.6,1.0,15.9,0.0,1.5,50.6,9.3
775,2021-02-14,9.5,6.4,13.8,0.0,1.7,47.6,1.7
776,2021-02-15,1.2,-5.2,8.2,1.4,4.0,65.1,4.3
777,2021-02-16,-5.1,-7.0,-1.3,1.5,3.2,57.9,2.8
778,2021-02-17,-8.3,-10.4,-5.2,0.0,5.0,44.1,9.8
779,2021-02-18,-5.8,-10.6,-0.4,0.0,3.1,44.9,9.9
780,2021-02-19,1.6,-7.1,8.9,0.0,2.9,66.9,8.9
781,2021-02-20,8.8,5.5,14.9,0.0,2.1,60.4,7.8
782,2021-02-21,10.8,4.7,17.4,0.0,2.8,66.6,9.7
783,2021-02-22,7.8,0.4,12.6,0.0,2.9,58.3,6.3
784,2021-02-23,0.0,-3.1,4.3,0.0,2.9,34.0,10.0
785,2021-02-24,2.9,-3.0,10.1,0.0,1.8,33.0,8.4
786,2021-02-25,4.2,0.7,8.2,0.0,1.4,35.1,0.0
787,2021-02-26,8.2,0.5,15.8,0.0,2.3,35.0,9.1
788,2021-02-27,9.5,4.3,16.2,0.0,3.4,48.6,10.3
789,2021-02-28,7.8,3.2,10.8,0.0,2.1,49.0,2.6
790,2021-03-01,4.7,0.5,9.0,67.5,3.5,91.0,0.0
791,2021-03-02,2.3,0.2,6.9,0.1,1.9,75.9,4.7
792,2021-03-03,4.4,-1.2,9.9,0.0,1.8,64.4,10.4
793,2021-03-04,7.2,2.5,13.0,0.0,1.9,62.4,1.9
794,2021-03-05,9.0,3.0,16.2,0.0,2.1,70.3,10.5
795,2021-03-06,6.6,3.2,11.6,0.0,3.3,69.5,3.6
796,2021-03-07,6.2,2.1,12.2,0.0,2.8,62.9,9.6
797,2021-03-08,7.0,1.5,13.9,0.0,1.8,60.3,10.8
798,2021-03-09,6.6,2.1,12.2,0.0,2.2,58.5,9.4
799,2021-03-10,8.8,1.7,17.1,0.0,1.8,61.8,10.2
800,2021-03-11,10.2,4.7,17.1,0.0,1.8,50.8,7.9
801,2021-03-12,10.5,7.2,14.9,0.0,2.2,57.0,0.1
802,2021-03-13,9.2,4.6,14.2,0.0,2.2,62.8,6.0
803,2021-03-14,9.1,4.9,14.7,0.0,2.2,71.4,8.2
804,2021-03-15,10.6,5.1,15.7,1.7,2.4,68.8,2.7
805,2021-03-16,8.4,4.9,13.1,1.3,3.2,52.5,10.6
806,2021-03-17,8.8,1.8,17.5,0.0,1.8,44.9,10.7
807,2021-03-18,11.7,5.0,18.4,0.0,1.8,50.1,8.1
808,2021-03-19,15.3,11.4,20.2,0.0,2.2,47.9,8.8
809,2021-03-20,9.9,7.4,14.7,5.1,2.2,74.6,0.0
810,2021-03-21,5.8,3.1,8.6,0.3,4.0,65.9,2.9
811,2021-03-22,6.2,1.1,11.1,0.0,3.2,55.3,11.1
812,2021-03-23,9.1,2.5,16.4,0.0,2.5,63.5,10.3
813,2021-03-24,10.8,5.7,16.9,0.0,2.4,61.5,7.9
814,2021-03-25,11.9,6.8,19.0,0.0,2.2,68.5,9.7
815,2021-03-26,12.6,4.8,20.6,0.0,1.4,58.4,7.3
816,2021-03-27,12.1,10.2,15.0,25.5,2.5,70.9,0.0
817,2021-03-28,9.0,7.7,13.0,9.2,3.3,95.8,0.0
818,2021-03-29,10.2,7.3,14.6,0.2,3.3,62.3,7.1
819,2021-03-30,10.8,4.1,18.2,0.0,2.2,47.3,11.1
820,2021-03-31,14.5,5.9,22.9,0.0,1.8,41.0,11.4
821,2021-04-01,17.7,12.0,24.0,0.0,3.5,33.0,10.0
822,2021-04-02,17.8,12.5,23.0,0.0,3.2,35.6,3.4
823,2021-04-03,14.9,10.9,18.0,56.2,3.1,80.8,0.0
824,2021-04-04,11.9,9.0,15.8,0.6,3.2,65.8,1.5
825,2021-04-05,11.9,5.4,19.3,0.0,2.4,47.9,12.0
826,2021-04-06,13.9,9.4,19.2,0.0,2.5,50.9,10.6
827,2021-04-07,14.1,8.1,20.4,0.0,2.5,47.5,11.9
828,2021-04-08,13.0,7.2,18.0,0.0,2.7,34.0,12.1
829,2021-04-09,13.6,7.6,19.6,0.0,2.7,39.3,11.9
830,2021-04-10,12.6,7.7,18.8,0.0,2.6,50.0,11.5
831,2021-04-11,15.0,7.5,21.8,0.0,1.7,45.4,10.6
832,2021-04-12,13.8,11.9,17.8,22.0,2.4,70.4,0.0
833,2021-04-13,10.4,5.7,13.5,8.0,3.7,74.0,2.9
834,2021-04-14,8.4,3.1,13.3,0.0,2.9,58.5,12.4
835,2021-04-15,11.6,6.3,18.3,0.0,2.1,62.3,11.1
836,2021-04-16,11.3,8.1,14.8,0.7,2.6,60.0,3.7
837,2021-04-17,9.6,6.0,14.6,0.0,2.6,56.6,3.5
838,2021-04-18,9.9,5.6,15.3,0.0,3.2,64.3,11.9
839,2021-04-19,12.2,5.8,19.4,0.0,2.4,65.3,12.1
840,2021-04-20,14.8,8.1,22.0,0.0,1.9,55.1,11.0
841,2021-04-21,19.1,10.3,28.2,0.0,1.8,43.1,11.1
842,2021-04-22,20.9,16.1,27.5,0.0,2.5,37.9,2.6
843,2021-04-23,19.0,17.0,21.7,0.0,3.2,41.4,0.3
844,2021-04-24,18.3,15.3,22.2,0.0,2.7,43.0,1.6
845,2021-04-25,18.2,12.6,24.0,0.0,2.7,50.0,11.5
846,2021-04-26,16.2,12.3,20.6,0.0,2.6,51.8,9.2
847,2021-04-27,15.4,12.5,20.0,1.7,2.3,62.4,0.5
848,2021-04-28,14.5,11.2,18.2,4.7,2.4,64.1,2.2
849,2021-04-29,14.6,10.9,20.1,3.9,2.3,54.1,4.4
850,2021-04-30,11.3,8.6,14.6,26.3,2.4,81.8,1.1
851,2021-05-01,10.2,8.5,15.3,8.0,2.7,80.8,1.2
852,2021-05-02,12.4,7.3,18.7,1.7,3.1,67.9,10.8
853,2021-05-03,14.1,8.4,20.3,0.0,2.1,56.4,11.6
854,2021-05-04,13.8,11.4,15.8,19.6,2.1,82.6,0.0
855,2021-05-05,13.9,10.3,18.4,0.1,3.5,64.4,11.5
856,2021-05-06,15.7,7.9,23.1,0.0,2.4,46.4,10.6
857,2021-05-07,14.4,10.7,17.2,8.8,3.4,60.3,5.9
858,2021-05-08,14.3,8.9,21.0,0.0,3.4,66.1,8.9
859,2021-05-09,15.7,10.0,21.8,0.0,3.5,51.3,13.0
860,2021-05-10,13.2,11.7,14.6,0.0,1.8,67.9,0.0
861,2021-05-11,18.5,9.4,25.7,0.0,2.7,48.9,13.2
862,2021-05-12,22.0,16.9,27.7,0.0,2.2,39.5,11.0
863,2021-05-13,22.9,16.6,29.6,0.0,1.9,54.4,12.8
864,2021-05-14,24.1,18.0,30.8,0.0,1.7,60.3,10.8
865,2021-05-15,22.1,20.8,26.2,15.0,1.7,79.5,0.5
866,2021-05-16,18.4,14.8,20.8,66.9,2.5,97.6,0.0
867,2021-05-17,15.3,14.2,16.7,3.1,1.6,93.0,0.0
868,2021-05-18,17.9,13.6,24.5,0.0,1.7,70.5,8.4
869,2021-05-19,19.9,12.4,26.6,0.0,1.8,52.3,13.2
870,2021-05-20,18.7,15.6,22.9,0.9,2.5,59.8,0.0
871,2021-05-21,16.0,14.2,18.2,6.9,1.7,86.5,0.9
872,2021-05-22,18.6,13.8,23.8,0.2,2.5,69.3,12.7
873,2021-05-23,19.5,14.3,25.1,0.0,1.7,64.4,6.0
874,2021-05-24,19.4,16.4,24.5,0.0,2.7,61.0,9.1
875,2021-05-25,15.3,11.9,19.3,8.3,3.2,72.3,6.4
876,2021-05-26,18.0,11.5,23.0,0.0,2.9,58.5,5.3
877,2021-05-27,15.8,13.9,18.7,8.9,2.8,83.0,0.5
878,2021-05-28,15.3,12.4,19.7,12.3,2.6,86.0,1.9
879,2021-05-29,15.4,12.8,19.1,0.3,2.2,79.8,3.9
880,2021-05-30,18.4,10.8,26.3,18.1,2.1,73.0,11.6
881,2021-05-31,19.9,16.5,23.8,4.0,1.8,78.9,2.0
882,2021-06-01,20.2,15.9,23.9,3.2,2.2,74.6,1.9
883,2021-06-02,23.2,16.6,29.7,0.0,2.1,64.4,11.9
884,2021-06-03,19.1,14.6,22.7,18.1,1.8,80.8,0.2
885,2021-06-04,18.5,13.3,23.6,0.0,2.9,69.4,10.9
886,2021-06-05,20.8,17.0,25.7,0.0,3.3,68.1,8.4
887,2021-06-06,23.0,18.4,28.2,0.0,2.2,69.6,8.3
888,2021-06-07,21.1,19.4,24.0,0.0,1.7,71.5,0.3
889,2021-06-08,23.6,18.8,29.5,0.1,1.7,69.6,7.1
890,2021-06-09,25.8,19.5,31.6,0.0,1.6,59.1,9.9
891,2021-06-10,24.9,20.5,29.8,6.1,2.2,68.5,1.3
892,2021-06-11,21.5,19.9,24.4,4.6,2.8,84.5,1.8
893,2021-06-12,24.2,18.2,30.2,0.0,1.8,74.6,9.1
894,2021-06-13,24.8,20.9,29.7,0.0,2.0,72.6,10.2
895,2021-06-14,24.8,18.9,30.2,0.0,2.1,68.8,8.3
896,2021-06-15,22.5,21.5,25.3,1.9,2.3,79.1,1.6
897,2021-06-16,24.3,20.3,28.9,0.0,3.6,59.9,11.5
898,2021-06-17,21.9,19.6,25.0,0.0,2.4,71.4,0.3
899,2021-06-18,20.0,19.0,21.4,6.3,2.5,92.1,0.0
900,2021-06-19,22.3,17.5,27.4,0.0,1.8,74.0,10.5
901,2021-06-20,22.9,17.6,29.0,0.0,2.8,73.3,10.7
902,2021-06-21,23.6,19.2,28.5,0.0,2.2,67.0,11.1
903,2021-06-22,22.8,19.7,28.6,0.0,2.1,67.9,6.8
904,2021-06-23,22.4,18.8,27.9,7.5,2.4,70.5,7.2
905,2021-06-24,23.0,18.5,28.0,0.0,1.9,71.1,5.7
906,2021-06-25,24.1,19.5,29.5,0.0,2.0,69.0,9.7
907,2021-06-26,22.8,19.9,26.7,4.5,1.8,78.5,2.3
908,2021-06-27,24.5,19.8,30.8,38.2,2.0,72.1,8.1
909,2021-06-28,23.7,21.0,29.2,0.1,1.9,76.4,2.2
910,2021-06-29,23.9,21.3,28.4,8.0,1.8,78.6,4.2
911,2021-06-30,24.3,21.0,28.8,6.0,1.3,77.9,4.0
912,2021-07-01,26.3,21.4,31.0,0.0,1.8,70.9,8.2
913,2021-07-02,27.1,23.6,31.8,0.0,2.3,64.1,7.4
914,2021-07-03,22.6,19.6,25.7,60.0,3.6,80.0,0.9
915,2021-07-04,21.4,19.8,23.1,21.4,2.3,96.8,0.0
916,2021-07-05,23.3,20.1,26.9,0.0,1.4,80.3,0.9
917,2021-07-06,25.3,21.0,30.1,0.0,1.6,73.4,4.3
918,2021-07-07,26.4,23.9,29.1,12.7,1.5,78.5,1.1
919,2021-07-08,26.0,23.8,29.8,2.9,2.0,81.6,2.9
920,2021-07-09,25.5,23.6,29.2,0.0,1.9,77.3,3.8
921,2021-07-10,25.9,23.1,29.2,0.5,2.4,80.4,4.2
922,2021-07-11,25.7,24.1,27.5,0.4,2.2,86.8,0.1
923,2021-07-12,28.1,23.8,32.5,0.0,1.6,75.1,4.9
924,2021-07-13,28.8,26.3,31.5,0.0,1.7,76.1,1.4
925,2021-07-14,29.7,26.1,33.5,0.0,2.2,71.4,7.1
926,2021-07-15,29.1,25.9,34.5,0.0,2.1,71.1,8.7
927,2021-07-16,28.8,24.2,35.2,0.0,2.2,68.4,10.5
928,2021-07-17,29.1,24.7,32.8,0.0,2.3,63.1,8.9
929,2021-07-18,29.6,25.7,34.1,0.0,2.1,62.5,8.4
930,2021-07-19,26.4,24.0,30.5,67.4,1.9,80.1,3.1
931,2021-07-20,27.9,23.6,31.8,0.0,1.5,75.8,3.4
932,2021-07-21,30.5,25.3,35.3,0.0,1.7,64.0,11.3
933,2021-07-22,31.2,26.5,35.9,0.0,2.0,59.8,11.4
934,2021-07-23,31.2,27.2,35.8,0.0,1.8,61.8,12.4
935,2021-07-24,31.7,26.9,36.5,0.0,1.7,57.4,12.3
936,2021-07-25,31.5,27.2,35.9,0.0,2.0,55.8,13.0
937,2021-07-26,31.2,27.4,35.4,0.0,2.4,54.9,13.2
938,2021-07-27,31.1,27.8,35.7,0.0,2.1,60.5,7.3
939,2021-07-28,30.4,27.1,34.7,0.0,1.9,67.4,6.5
940,2021-07-29,29.6,27.0,33.3,0.0,2.0,69.9,2.2
941,2021-07-30,30.5,25.8,35.4,0.0,2.1,63.1,7.7
942,2021-07-31,29.8,26.8,34.3,3.0,2.5,69.9,7.7
943,2021-08-01,27.1,25.1,28.8,21.0,1.3,81.8,0.0
944,2021-08-02,26.5,25.0,28.6,1.7,1.6,82.6,0.6
945,2021-08-03,28.0,24.1,31.4,0.0,1.8,76.9,4.3
946,2021-08-04,28.9,26.3,33.2,0.0,2.0,70.6,6.1
947,2021-08-05,29.4,25.6,33.7,0.0,2.1,68.1,8.9
948,2021-08-06,28.1,26.0,32.2,0.0,2.1,68.4,6.3
949,2021-08-07,28.0,23.4,32.3,0.0,2.1,65.0,11.3
950,2021-08-08,26.8,24.4,32.1,12.7,1.7,74.8,2.0
951,2021-08-09,28.3,23.3,33.6,0.0,2.3,62.4,8.6
952,2021-08-10,27.7,24.3,32.2,0.0,2.3,62.5,8.5
953,2021-08-11,27.4,24.1,31.6,0.0,2.0,70.3,5.3
954,2021-08-12,26.8,24.0,31.7,0.0,1.8,67.1,4.4
955,2021-08-13,26.6,23.4,30.1,0.0,2.0,70.4,1.7
956,2021-08-14,26.1,23.4,30.5,0.0,3.0,63.9,4.5
957,2021-08-15,26.9,21.7,32.4,0.0,2.3,59.6,10.2
958,2021-08-16,27.3,22.5,32.8,0.0,2.3,61.1,10.4
959,2021-08-17,25.9,21.9,31.3,9.3,2.4,65.0,5.8
960,2021-08-18,24.3,20.6,31.0,5.6,2.8,69.6,5.8
961,2021-08-19,26.0,21.0,31.5,0.0,2.6,57.1,8.6
962,2021-08-20,26.6,22.6,30.7,0.0,2.3,63.6,5.5
963,2021-08-21,23.8,21.0,25.5,62.8,2.7,88.1,1.0
964,2021-08-22,24.4,22.4,27.0,0.0,2.1,81.5,0.7
965,2021-08-23,22.4,21.0,24.0,7.4,2.0,89.3,0.0
966,2021-08-24,23.4,21.1,26.4,10.5,2.9,93.6,0.0
967,2021-08-25,25.0,23.5,27.3,0.3,1.8,85.5,0.7
968,2021-08-26,25.5,22.9,27.9,0.7,2.5,84.9,0.2
969,2021-08-27,22.4,20.4,25.5,0.9,1.3,83.5,0.0
970,2021-08-28,23.6,19.7,28.2,0.0,1.8,80.4,3.8
971,2021-08-29,23.7,21.9,26.3,0.9,1.6,82.6,1.0
972,2021-08-30,24.2,21.2,27.7,0.0,1.4,77.5,1.1
973,2021-08-31,20.5,18.1,23.1,77.4,2.3,93.3,0.0
974,2021-09-01,21.4,18.5,23.9,0.8,2.9,83.1,0.0
975,2021-09-02,23.5,20.7,26.7,0.0,2.1,70.3,1.4
976,2021-09-03,24.3,20.6,29.2,0.0,2.4,60.3,11.2
977,2021-09-04,23.2,18.5,28.6,0.0,2.7,57.0,9.3
978,2021-09-05,23.1,19.4,27.3,0.0,3.2,61.1,4.6
979,2021-09-06,22.3,18.0,26.4,12.0,3.2,70.1,2.4
980,2021-09-07,19.6,17.6,20.9,29.6,2.3,98.1,0.0
981,2021-09-08,22.2,19.0,26.9,1.6,1.7,81.3,7.1
982,2021-09-09,23.5,19.1,29.1,0.0,1.5,76.5,8.0
983,2021-09-10,23.6,19.5,28.9,0.0,1.9,76.0,6.4
984,2021-09-11,24.0,19.9,29.4,0.0,1.7,73.1,8.7
985,2021-09-12,24.2,19.2,29.8,0.0,1.8,64.6,10.2
986,2021-09-13,24.8,20.8,30.3,0.0,2.4,67.1,6.1
987,2021-09-14,24.6,20.0,29.5,0.0,2.6,63.3,10.3
988,2021-09-15,23.6,19.5,28.9,0.0,3.6,57.5,11.4
989,2021-09-16,22.9,18.0,27.3,0.0,2.6,61.1,9.1
990,2021-09-17,23.5,20.5,28.2,0.0,3.0,61.4,6.6
991,2021-09-18,23.9,18.9,29.8,0.0,1.6,65.1,8.8
992,2021-09-19,23.7,20.8,27.8,0.0,1.9,62.9,2.8
993,2021-09-20,23.7,19.0,28.4,0.0,2.7,63.6,10.3
994,2021-09-21,22.0,17.4,26.2,68.1,2.9,85.1,4.3
995,2021-09-22,20.2,16.8,24.3,4.5,2.7,79.0,6.5
996,2021-09-23,20.9,16.9,25.9,0.0,2.4,67.3,8.0
997,2021-09-24,21.8,16.7,26.9,0.0,2.2,67.5,9.9
998,2021-09-25,21.2,18.7,23.1,0.0,2.3,72.6,0.0
999,2021-09-26,22.6,18.4,27.3,0.0,2.3,63.0,8.3
1000,2021-09-27,21.6,18.7,25.0,0.0,2.4,66.0,2.2
1001,2021-09-28,21.5,19.6,24.4,1.3,2.2,75.1,0.7
1002,2021-09-29,20.2,17.8,21.4,13.1,1.7,93.5,0.0
1003,2021-09-30,20.3,16.0,25.9,0.0,1.5,83.9,7.4
1004,2021-10-01,21.1,16.9,27.5,13.3,2.4,75.8,9.3
1005,2021-10-02,20.7,16.4,26.6,0.0,1.6,77.1,8.1
1006,2021-10-03,22.3,17.1,28.8,0.0,1.9,69.5,8.4
1007,2021-10-04,22.9,19.2,25.6,3.6,2.9,81.0,0.0
1008,2021-10-05,23.6,21.7,26.5,0.0,3.3,82.4,1.5
1009,2021-10-06,18.8,17.9,21.7,6.4,2.8,91.5,1.2
1010,2021-10-07,19.4,17.9,21.9,4.6,1.9,85.5,0.0
1011,2021-10-08,18.8,17.5,20.0,3.5,1.7,91.3,0.0
1012,2021-10-09,20.9,18.5,24.1,0.4,2.3,83.5,1.9
1013,2021-10-10,19.9,14.9,24.3,14.2,2.2,89.0,0.0
1014,2021-10-11,15.2,12.6,17.8,0.3,2.2,78.6,1.7
1015,2021-10-12,17.9,15.8,21.3,0.0,3.3,67.1,3.0
1016,2021-10-13,19.6,14.9,25.2,0.0,2.4,66.6,9.0
1017,2021-10-14,19.7,17.4,23.9,0.0,2.0,73.6,6.1
1018,2021-10-15,19.0,17.0,21.4,0.0,2.1,74.4,0.7
1019,2021-10-16,10.7,4.2,18.1,0.0,3.4,47.5,1.5
1020,2021-10-17,5.6,1.3,10.8,0.0,2.9,37.4,10.3
1021,2021-10-18,9.6,2.8,16.1,5.6,2.0,60.4,4.3
1022,2021-10-19,10.9,7.1,15.0,4.4,2.4,72.8,6.5
1023,2021-10-20,9.5,4.6,15.8,0.0,1.7,64.9,10.0
1024,2021-10-21,9.8,4.9,16.2,0.0,1.7,64.1,4.0
1025,2021-10-22,10.8,5.2,17.2,0.0,1.8,58.4,10.0
1026,2021-10-23,11.4,5.7,18.4,0.0,1.6,57.3,9.6
1027,2021-10-24,11.4,6.0,18.1,0.0,1.7,63.1,9.9
1028,2021-10-25,11.7,6.3,17.6,0.0,1.9,64.5,7.0
1029,2021-10-26,13.0,7.7,19.0,0.0,1.7,74.5,8.6
1030,2021-10-27,13.4,9.8,18.1,0.0,2.2,63.4,8.2
1031,2021-10-28,12.7,7.1,20.0,0.0,1.4,54.6,9.7
1032,2021-10-29,14.6,10.5,20.6,0.0,2.0,55.9,8.7
1033,2021-10-30,13.8,11.0,18.0,0.0,1.6,62.4,1.6
1034,2021-10-31,14.1,9.2,20.3,0.7,1.6,73.3,7.6
1035,2021-11-01,12.9,10.3,16.9,0.0,1.9,77.3,6.3
1036,2021-11-02,11.5,7.9,16.9,0.0,1.7,76.6,7.8
1037,2021-11-03,12.1,7.6,17.1,0.0,1.5,71.1,8.5
1038,2021-11-04,12.1,8.4,16.3,0.0,1.3,80.4,3.9
1039,2021-11-05,13.0,7.8,20.2,0.0,1.5,68.5,9.2
1040,2021-11-06,14.1,8.8,21.3,0.0,1.6,61.1,8.3
1041,2021-11-07,15.3,9.7,21.3,0.0,2.1,57.5,6.8
1042,2021-11-08,8.6,4.5,15.5,25.7,3.2,82.1,0.1
1043,2021-11-09,4.9,3.0,6.5,2.0,2.4,80.3,0.0
1044,2021-11-10,4.2,0.7,7.7,0.3,2.5,73.4,3.2
1045,2021-11-11,5.3,2.1,9.7,0.0,2.9,60.6,6.3
1046,2021-11-12,4.5,1.3,8.6,0.0,2.6,55.4,8.3
1047,2021-11-13,7.3,0.5,13.4,0.0,1.5,66.1,5.4
1048,2021-11-14,11.3,7.8,16.4,0.0,2.2,69.8,6.4
1049,2021-11-15,10.1,5.8,15.7,0.0,1.6,71.3,7.9
1050,2021-11-16,8.5,4.4,13.6,0.0,1.9,65.5,9.0
1051,2021-11-17,7.5,2.7,12.5,0.0,1.6,64.1,7.3
1052,2021-11-18,11.9,7.7,16.2,0.0,2.4,70.8,1.9
1053,2021-11-19,12.9,10.2,16.7,0.0,1.9,84.8,0.9
1054,2021-11-20,10.4,6.8,15.6,0.0,1.6,77.0,5.6
1055,2021-11-21,10.4,7.6,13.1,5.9,1.9,74.4,0.0
1056,2021-11-22,2.7,-0.6,7.5,1.3,4.1,61.8,5.4
1057,2021-11-23,-0.6,-3.7,2.3,0.0,3.2,60.9,5.7
1058,2021-11-24,4.1,-2.6,9.1,0.0,1.9,64.3,4.9
1059,2021-11-25,5.7,2.6,9.9,0.0,2.2,55.0,7.9
1060,2021-11-26,2.9,-0.5,7.2,0.0,2.2,57.5,4.7
1061,2021-11-27,3.4,-1.4,10.1,0.0,1.6,53.0,9.2
1062,2021-11-28,5.1,-1.3,12.4,0.0,1.5,52.4,8.0
1063,2021-11-29,7.6,2.5,13.7,0.0,1.6,62.0,4.7
1064,2021-11-30,5.7,0.7,8.9,27.2,3.7,80.4,0.0
1065,2021-12-01,-1.3,-3.0,1.5,0.0,4.2,51.8,9.1
1066,2021-12-02,1.3,-4.6,5.0,0.1,2.1,68.9,4.1
1067,2021-12-03,1.9,-1.8,4.6,0.4,2.9,53.3,9.1
1068,2021-12-04,1.4,-2.7,7.0,0.0,2.0,48.5,7.2
1069,2021-12-05,2.9,-2.3,9.6,0.0,1.4,50.4,9.2
1070,2021-12-06,5.4,-0.7,12.1,0.0,1.6,61.4,7.3
1071,2021-12-07,6.8,2.6,13.3,0.0,1.2,68.3,8.3
1072,2021-12-08,6.7,1.9,13.3,0.0,1.5,70.0,9.1
1073,2021-12-09,6.5,2.7,9.7,0.0,2.2,70.3,1.4
1074,2021-12-10,7.0,5.8,8.2,0.7,2.1,81.5,0.0
1075,2021-12-11,6.0,4.4,9.8,0.0,1.4,83.6,3.5
1076,2021-12-12,1.2,-3.8,5.1,0.0,3.2,61.8,8.0
1077,2021-12-13,-2.2,-5.9,1.9,0.0,2.3,43.8,9.1
1078,2021-12-14,3.7,-0.7,8.2,1.2,2.0,64.9,2.5
1079,2021-12-15,7.2,5.4,10.0,2.1,1.7,84.8,0.9
1080,2021-12-16,6.4,3.3,9.8,0.0,1.8,71.6,5.0
1081,2021-12-17,-5.6,-10.1,3.2,0.0,4.6,50.5,8.7
1082,2021-12-18,-5.7,-11.2,-1.8,2.8,2.0,64.1,4.3
1083,2021-12-19,-0.8,-5.8,4.2,0.2,2.0,63.8,8.9
1084,2021-12-20,5.2,-0.9,11.1,0.0,2.1,77.9,6.1
1085,2021-12-21,5.2,0.8,8.9,0.0,2.0,70.9,6.0
1086,2021-12-22,2.2,-2.6,8.2,0.0,1.7,47.4,8.9
1087,2021-12-23,2.7,-1.5,8.3,0.0,1.4,53.5,6.9
1088,2021-12-24,-0.3,-7.3,3.2,0.2,2.6,65.3,0.0
1089,2021-12-25,-11.7,-14.4,-7.3,0.0,3.9,42.4,9.1
1090,2021-12-26,-12.1,-15.5,-7.3,0.0,3.1,43.5,9.1
1091,2021-12-27,-7.6,-12.9,-3.9,0.0,1.7,60.9,3.8
1092,2021-12-28,-4.1,-8.5,-0.9,0.0,2.2,73.8,1.7
1093,2021-12-29,0.4,-3.8,5.9,0.2,2.6,72.9,1.8
1094,2021-12-30,-3.9,-6.8,0.2,0.0,3.3,48.5,7.3
1095,2021-12-31,-6.7,-8.8,-3.9,0.0,3.5,35.9,9.0
1096,2022-01-01,-4.3,-10.2,2.3,0.0,1.5,46.3,9.0
1097,2022-01-02,-1.3,-5.2,3.0,0.3,2.3,57.9,5.4
1098,2022-01-03,-1.9,-8.0,2.5,0.0,1.8,58.3,7.8
1099,2022-01-04,-2.5,-5.6,1.0,0.0,2.4,51.8,9.0
1100,2022-01-05,-2.8,-7.8,1.9,0.0,1.7,47.6,1.9
1101,2022-01-06,-2.2,-5.9,3.3,0.0,2.3,47.1,9.1
1102,2022-01-07,-1.6,-5.9,4.5,0.0,1.5,47.1,9.1
1103,2022-01-08,0.3,-5.0,3.7,0.0,1.7,64.3,0.7
1104,2022-01-09,1.3,-1.2,5.6,0.0,1.7,71.5,4.5
1105,2022-01-10,0.5,-3.4,4.4,0.9,2.0,68.3,3.9
1106,2022-01-11,-7.4,-10.3,0.3,0.2,4.0,55.5,9.1
1107,2022-01-12,-7.7,-11.3,-3.4,0.0,2.4,47.8,8.6
1108,2022-01-13,-6.4,-8.9,-3.1,0.0,3.3,45.8,9.1
1109,2022-01-14,-4.8,-10.1,1.3,0.0,1.7,41.8,9.1
1110,2022-01-15,-1.0,-5.3,1.8,0.0,1.9,48.3,0.9
1111,2022-01-16,-2.0,-7.2,2.4,0.0,3.3,54.5,8.8
1112,2022-01-17,-5.8,-9.2,0.1,0.5,2.2,59.9,4.5
1113,2022-01-18,-5.6,-9.9,-0.7,0.0,2.3,47.9,9.2
1114,2022-01-19,-5.3,-7.7,-2.7,1.7,2.1,72.3,0.0
1115,2022-01-20,-5.0,-9.8,0.9,0.0,1.8,63.5,9.1
1116,2022-01-21,-2.7,-8.7,4.6,0.0,1.8,55.6,9.2
1117,2022-01-22,0.3,-5.0,7.1,0.0,1.7,52.4,6.0
1118,2022-01-23,2.0,-0.6,6.7,0.0,1.7,52.4,5.3
1119,2022-01-24,4.6,1.3,8.4,0.0,3.5,56.0,4.0
1120,2022-01-25,2.8,1.9,4.5,0.7,2.3,80.0,0.0
1121,2022-01-26,1.3,-1.9,6.8,0.0,2.2,62.8,8.4
1122,2022-01-27,-1.1,-4.6,4.0,0.0,2.1,50.0,8.9
1123,2022-01-28,-2.7,-5.9,2.1,0.0,2.8,51.6,9.2
1124,2022-01-29,-3.6,-7.2,0.9,0.0,2.4,48.9,9.5
1125,2022-01-30,-2.8,-8.0,2.4,0.0,2.2,45.4,9.6
1126,2022-01-31,-0.7,-6.8,4.8,1.2,1.9,59.0,8.0
1127,2022-02-01,-1.3,-2.7,0.9,1.7,2.6,76.6,4.7
1128,2022-02-02,-3.4,-6.0,0.0,0.0,2.4,60.5,9.2
1129,2022-02-03,-3.4,-6.9,0.4,0.0,2.4,52.4,9.7
1130,2022-02-04,-5.2,-8.2,-0.7,0.0,3.1,53.3,7.3
1131,2022-02-05,-6.6,-9.7,-2.0,0.0,3.1,48.8,9.1
1132,2022-02-06,-3.9,-8.4,1.7,0.0,2.5,50.3,9.5
1133,2022-02-07,-2.5,-7.3,1.9,0.0,1.8,51.3,6.5
1134,2022-02-08,-0.1,-4.1,5.6,0.0,1.9,53.8,8.1
1135,2022-02-09,1.0,-4.3,7.2,0.0,1.8,52.3,9.2
1136,2022-02-10,1.4,-3.2,6.7,0.0,2.3,57.8,9.6
1137,2022-02-11,2.9,-2.6,8.8,0.0,1.8,61.1,8.9
1138,2022-02-12,4.8,-0.1,10.4,0.0,1.7,50.4,9.3
1139,2022-02-13,4.8,1.6,9.5,0.0,1.8,44.9,3.0
1140,2022-02-14,2.5,-1.3,8.1,1.7,2.9,68.3,0.9
1141,2022-02-15,-4.7,-7.7,-1.3,0.0,3.8,58.0,3.0
1142,2022-02-16,-7.3,-9.6,-4.1,0.0,3.7,50.4,9.0
1143,2022-02-17,-6.2,-10.7,-0.5,0.0,2.5,41.6,9.8
1144,2022-02-18,-1.2,-8.0,5.7,0.0,2.0,40.4,8.6
1145,2022-02-19,-1.7,-6.2,3.7,0.1,2.9,52.9,2.9
1146,2022-02-20,-4.8,-8.4,-0.5,0.0,4.1,41.1,10.0
1147,2022-02-21,-3.0,-8.1,3.6,0.1,2.9,56.3,6.5
1148,2022-02-22,-4.5,-8.0,0.5,0.0,3.2,43.3,8.0
1149,2022-02-23,-5.6,-10.0,-0.6,0.0,2.6,38.5,10.2
1150,2022-02-24,-2.4,-8.5,3.7,0.0,2.2,52.4,10.3
1151,2022-02-25,3.0,-3.6,8.4,0.0,2.3,77.5,6.4
1152,2022-02-26,5.4,1.0,9.3,1.1,3.9,78.4,0.2
1153,2022-02-27,3.7,-1.6,9.1,0.0,2.8,56.6,10.5
1154,2022-02-28,6.8,2.7,11.5,0.0,1.5,62.3,3.4
1155,2022-03-01,5.8,0.3,9.7,2.3,2.3,70.5,2.5
1156,2022-03-02,3.5,-2.3,8.8,0.0,2.7,55.9,10.7
1157,2022-03-03,5.8,0.9,12.4,0.0,2.1,52.9,10.6
1158,2022-03-04,6.9,0.6,14.6,0.0,3.6,60.5,3.7
1159,2022-03-05,2.3,-0.7,6.7,0.0,4.3,38.4,10.5
1160,2022-03-06,1.4,-3.0,6.8,0.0,2.6,39.5,10.8
1161,2022-03-07,2.8,-2.7,8.7,0.0,2.0,45.8,7.0
1162,2022-03-08,6.0,1.1,12.3,0.0,2.0,56.1,8.2
1163,2022-03-09,7.1,1.7,14.8,0.0,1.9,69.6,8.7
1164,2022-03-10,9.3,4.2,15.8,0.0,2.1,51.4,9.3
1165,2022-03-11,11.2,5.1,18.4,0.0,1.9,58.4,5.9
1166,2022-03-12,12.8,6.3,19.5,2.6,2.7,72.1,3.2
1167,2022-03-13,11.7,10.7,12.6,42.1,1.9,95.5,0.0
1168,2022-03-14,8.2,4.9,13.2,8.7,3.2,90.3,0.0
1169,2022-03-15,7.2,2.3,13.3,0.0,2.0,72.6,7.1
1170,2022-03-16,10.3,3.6,16.8,0.0,2.1,62.6,8.1
1171,2022-03-17,10.7,7.8,15.1,1.2,2.7,62.0,1.9
1172,2022-03-18,7.5,5.5,9.6,0.0,4.4,60.8,0.0
1173,2022-03-19,3.4,0.9,6.1,14.6,3.0,84.6,0.0
1174,2022-03-20,5.4,2.2,9.3,0.0,2.6,66.1,6.3
1175,2022-03-21,5.0,-0.3,10.9,0.0,2.4,49.5,6.8
1176,2022-03-22,7.1,1.1,13.6,0.0,2.2,48.9,11.0
1177,2022-03-23,6.2,4.9,8.2,0.0,2.3,56.8,0.0
1178,2022-03-24,8.2,3.9,12.4,0.0,1.8,70.6,0.7
1179,2022-03-25,12.0,6.3,17.2,10.9,2.6,70.0,1.3
1180,2022-03-26,11.8,9.5,14.7,19.8,2.9,80.9,0.9
1181,2022-03-27,8.1,5.0,12.6,0.0,3.0,49.1,10.4
1182,2022-03-28,8.2,1.5,15.1,0.0,2.1,35.6,11.7
1183,2022-03-29,9.7,3.3,15.6,0.0,2.1,52.9,11.2
1184,2022-03-30,10.8,5.9,15.7,0.4,1.8,76.5,1.2
1185,2022-03-31,10.9,7.6,14.7,0.0,2.5,63.5,3.3
1186,2022-04-01,9.2,4.5,14.9,0.0,2.6,50.5,10.9
1187,2022-04-02,8.2,3.7,14.2,0.0,2.3,55.0,11.8
1188,2022-04-03,9.6,3.5,17.0,0.0,2.1,55.0,11.9
1189,2022-04-04,10.3,5.1,16.4,0.0,2.3,50.3,11.6
1190,2022-04-05,10.3,4.9,15.8,0.0,2.4,41.1,9.9
1191,2022-04-06,11.7,8.0,17.0,0.0,2.5,52.3,8.6
1192,2022-04-07,10.9,7.4,15.7,0.0,3.3,43.5,10.0
1193,2022-04-08,12.9,5.1,20.0,0.0,2.1,49.0,12.0
1194,2022-04-09,17.8,12.4,24.2,0.5,3.0,43.8,9.0
1195,2022-04-10,18.2,12.7,25.1,0.0,2.0,46.0,11.5
1196,2022-04-11,19.6,13.4,26.6,0.0,2.4,60.4,10.2
1197,2022-04-12,19.3,15.9,26.4,0.5,2.8,77.9,6.0
1198,2022-04-13,13.1,12.0,15.9,1.3,4.4,69.3,0.0
1199,2022-04-14,13.2,11.4,15.3,0.0,4.0,53.4,0.0
1200,2022-04-15,13.3,7.5,19.3,0.0,3.0,46.8,12.2
1201,2022-04-16,13.2,7.1,20.2,0.0,2.5,48.5,12.3
1202,2022-04-17,14.0,7.2,21.9,0.0,2.3,53.8,11.7
1203,2022-04-18,15.2,11.4,21.6,0.0,2.4,46.1,7.8
1204,2022-04-19,15.2,8.9,22.1,0.0,2.4,51.9,12.1
1205,2022-04-20,15.7,9.7,22.1,0.0,2.3,48.8,12.3
1206,2022-04-21,16.3,9.6,22.7,0.0,2.8,48.4,6.3
1207,2022-04-22,15.0,13.2,16.8,0.0,3.5,76.8,0.0
1208,2022-04-23,17.7,10.4,25.3,0.0,1.7,57.3,9.1
1209,2022-04-24,18.5,15.0,24.5,0.3,2.3,72.5,7.0
1210,2022-04-25,20.0,17.0,23.6,1.3,1.4,80.5,0.3
1211,2022-04-26,21.9,17.0,28.7,1.0,3.1,57.9,9.5
1212,2022-04-27,17.7,12.6,23.9,0.0,2.7,31.5,11.8
1213,2022-04-28,18.2,11.6,25.9,0.0,2.6,44.0,8.3
1214,2022-04-29,13.4,10.7,16.5,15.5,3.4,70.6,1.5
1215,2022-04-30,13.0,10.5,17.8,0.0,2.9,68.0,0.8
1216,2022-05-01,13.4,7.9,19.2,0.0,3.1,54.8,10.0
1217,2022-05-02,14.2,9.1,19.4,0.0,2.4,56.5,10.4
1218,2022-05-03,14.8,9.1,20.8,0.0,2.5,45.9,12.5
1219,2022-05-04,17.8,10.0,25.2,0.0,2.7,43.3,12.6
1220,2022-05-05,18.9,12.5,25.8,0.0,2.2,48.1,12.7
1221,2022-05-06,19.6,13.7,25.6,0.0,2.5,67.1,10.3
1222,2022-05-07,18.4,15.3,23.1,0.5,3.0,52.4,6.8
1223,2022-05-08,15.3,11.7,18.2,2.0,2.8,51.8,0.0
1224,2022-05-09,17.9,11.0,25.3,0.0,2.2,56.4,12.8
1225,2022-05-10,19.9,13.6,26.3,0.0,2.2,39.0,9.5
1226,2022-05-11,19.7,16.6,25.2,0.0,2.4,50.4,9.8
1227,2022-05-12,20.9,14.1,28.1,0.0,1.9,51.5,11.4
1228,2022-05-13,19.4,15.0,25.2,0.0,2.2,45.8,4.8
1229,2022-05-14,15.7,11.9,20.0,0.0,3.3,45.5,10.8
1230,2022-05-15,16.2,10.5,22.4,0.0,3.2,39.8,12.9
1231,2022-05-16,17.3,10.9,23.7,0.0,2.8,56.3,13.1
1232,2022-05-17,20.0,13.0,27.4,0.0,2.4,60.1,12.8
1233,2022-05-18,20.0,15.7,25.4,1.5,2.9,59.4,6.4
1234,2022-05-19,19.9,16.1,24.2,0.0,3.0,53.6,7.8
1235,2022-05-20,20.6,15.6,25.8,0.0,2.3,52.8,10.8
1236,2022-05-21,20.1,16.1,26.0,0.0,2.5,70.8,9.3
1237,2022-05-22,20.3,15.7,25.8,0.0,2.5,70.9,9.0
1238,2022-05-23,23.0,17.8,30.7,0.0,2.3,63.5,10.4
1239,2022-05-24,22.9,16.7,30.2,0.0,2.1,56.8,12.3
1240,2022-05-25,21.0,16.7,26.7,3.5,2.6,66.6,8.1
1241,2022-05-26,18.7,14.1,23.5,0.0,3.7,59.9,11.6
1242,2022-05-27,20.0,16.0,25.6,0.0,3.3,62.5,11.8
1243,2022-05-28,22.3,15.0,29.3,0.0,2.8,54.1,12.4
1244,2022-05-29,23.1,19.3,29.7,0.0,2.3,66.4,7.0
1245,2022-05-30,20.8,17.2,24.7,0.0,2.5,71.0,0.2
1246,2022-05-31,20.7,14.2,27.2,0.0,2.5,42.4,12.0
1247,2022-06-01,22.1,16.2,28.6,0.0,2.6,41.6,13.5
1248,2022-06-02,21.5,17.1,26.9,0.0,2.7,67.4,10.4
1249,2022-06-03,24.5,18.7,32.6,0.0,2.0,62.8,10.6
1250,2022-06-04,25.6,20.3,29.7,0.0,1.7,57.0,6.2
1251,2022-06-05,22.7,20.2,27.0,0.0,2.3,59.8,0.1
1252,2022-06-06,19.7,16.7,24.5,4.3,3.2,69.0,5.5
1253,2022-06-07,20.6,15.1,25.1,0.0,2.7,54.5,6.2
1254,2022-06-08,21.2,16.2,25.8,0.0,2.3,61.6,5.1
1255,2022-06-09,20.9,18.5,24.5,2.6,1.6,76.1,2.6
1256,2022-06-10,20.9,17.2,26.6,1.2,1.9,75.8,4.8
1257,2022-06-11,24.6,17.7,32.7,0.0,2.2,59.6,10.7
1258,2022-06-12,24.6,18.9,31.5,0.0,2.5,58.9,9.3
1259,2022-06-13,23.6,19.6,29.2,18.0,2.6,68.5,7.7
1260,2022-06-14,21.5,17.7,27.1,0.0,4.2,56.4,5.7
1261,2022-06-15,17.5,14.9,20.1,18.5,2.3,92.4,0.0
1262,2022-06-16,20.3,17.6,24.8,0.7,2.3,78.4,3.8
1263,2022-06-17,22.5,16.5,28.1,0.0,1.9,76.4,3.2
1264,2022-06-18,23.3,22.0,25.1,0.0,1.7,79.6,0.0
1265,2022-06-19,23.4,22.3,25.1,0.0,1.4,81.6,0.0
1266,2022-06-20,25.2,22.0,29.0,0.0,1.3,76.6,1.8
1267,2022-06-21,26.5,21.2,32.6,0.0,2.0,72.6,12.6
1268,2022-06-22,25.9,21.9,31.0,0.0,2.1,71.1,7.4
1269,2022-06-23,24.3,23.3,26.4,103.0,2.8,89.1,0.0
1270,2022-06-24,22.6,20.6,24.9,19.1,3.5,90.9,1.7
1271,2022-06-25,26.0,21.5,30.5,0.0,2.8,80.4,3.0
1272,2022-06-26,26.5,24.8,28.1,0.0,2.6,82.1,0.0
1273,2022-06-27,26.8,25.4,28.1,6.1,2.8,84.4,0.0
1274,2022-06-28,26.9,25.7,27.9,6.3,5.8,81.9,0.0
1275,2022-06-29,25.1,24.4,26.1,37.8,4.1,95.5,0.0
1276,2022-06-30,22.3,21.2,24.5,176.2,2.3,99.3,0.0
1277,2022-07-01,26.6,21.9,30.9,0.0,2.1,83.3,7.2
1278,2022-07-02,28.8,24.0,33.8,0.0,1.7,72.8,10.8
1279,2022-07-03,29.3,24.4,34.2,0.0,1.7,68.6,10.8
1280,2022-07-04,29.3,26.4,32.6,0.0,1.8,71.8,3.6
1281,2022-07-05,29.2,26.7,33.1,0.0,1.7,73.8,2.6
1282,2022-07-06,29.5,26.2,33.3,16.1,2.1,76.0,1.1
1283,2022-07-07,28.2,26.4,31.0,0.0,2.8,82.3,0.6
1284,2022-07-08,25.8,24.0,27.9,1.7,2.9,84.4,0.0
1285,2022-07-09,26.9,24.0,30.9,0.1,1.7,82.1,1.8
1286,2022-07-10,29.2,24.6,35.1,0.0,1.7,68.0,8.4
1287,2022-07-11,27.0,24.7,30.6,9.0,1.8,75.0,2.8
1288,2022-07-12,26.8,23.2,29.4,0.0,2.2,73.1,0.8
1289,2022-07-13,25.0,24.0,27.1,114.5,1.8,93.9,0.0
1290,2022-07-14,25.7,23.3,29.9,0.9,2.3,84.6,3.9
1291,2022-07-15,26.0,23.0,30.3,0.0,2.3,76.5,8.9
1292,2022-07-16,24.8,23.2,28.2,34.0,2.0,83.4,1.5
1293,2022-07-17,25.5,22.5,29.7,0.0,1.8,78.9,3.6
1294,2022-07-18,26.8,23.1,30.1,0.0,2.2,76.0,5.2
1295,2022-07-19,27.4,24.3,31.1,0.0,2.3,74.1,8.4
1296,2022-07-20,27.1,24.3,30.4,1.1,2.2,76.1,3.1
1297,2022-07-21,23.2,20.8,25.2,10.4,2.9,87.6,0.5
1298,2022-07-22,25.1,22.9,27.5,5.2,1.9,81.5,2.5
1299,2022-07-23,24.8,22.3,28.0,9.9,2.0,83.6,0.1
1300,2022-07-24,25.0,22.0,28.4,1.2,2.1,86.9,0.4
1301,2022-07-25,27.5,23.6,32.0,0.0,1.9,75.0,9.6
1302,2022-07-26,28.9,24.4,33.1,0.0,1.8,72.5,9.0
1303,2022-07-27,29.3,26.4,33.4,0.0,2.0,66.3,6.0
1304,2022-07-28,29.7,25.1,34.4,0.0,2.4,63.8,9.9
1305,2022-07-29,30.7,27.3,34.3,0.0,2.2,68.1,7.6
1306,2022-07-30,30.9,27.3,36.1,1.0,2.6,68.4,9.4
1307,2022-07-31,27.2,25.4,29.0,47.2,2.5,85.8,0.0
1308,2022-08-01,28.6,25.4,32.4,30.0,2.4,82.4,3.2
1309,2022-08-02,26.8,25.5,28.5,33.5,2.8,90.0,0.0
1310,2022-08-03,27.1,25.2,30.0,51.1,2.8,90.1,1.3
1311,2022-08-04,28.9,26.0,32.9,0.0,2.5,79.3,8.7
1312,2022-08-05,29.4,27.0,32.7,0.0,2.6,76.6,6.3
1313,2022-08-06,28.7,27.4,30.3,13.6,1.7,85.3,0.4
1314,2022-08-07,28.9,27.2,31.7,0.9,2.4,82.1,0.6
1315,2022-08-08,26.8,0.0,28.4,129.6,3.3,91.6,0.0
1316,2022-08-09,25.1,22.0,26.5,123.1,2.6,96.0,0.0
1317,2022-08-10,24.7,21.4,28.8,7.6,1.6,85.3,3.1
1318,2022-08-11,25.0,23.4,27.5,38.8,1.6,87.9,0.8
1319,2022-08-12,27.0,23.0,32.4,0.0,1.7,73.8,10.6
1320,2022-08-13,25.8,24.7,27.5,4.0,1.3,82.8,0.8
1321,2022-08-14,27.6,24.5,31.5,3.0,1.9,83.0,2.2
1322,2022-08-15,28.1,26.6,29.8,0.9,4.8,83.0,0.0
1323,2022-08-16,26.7,24.1,30.0,0.0,2.6,75.4,9.2
1324,2022-08-17,26.0,22.8,30.5,0.0,2.0,76.6,6.0
1325,2022-08-18,25.6,22.4,29.8,0.0,1.9,75.8,2.6
1326,2022-08-19,26.0,23.3,27.5,66.1,2.3,86.1,0.0
1327,2022-08-20,28.2,25.7,32.0,0.0,2.4,80.0,9.6
1328,2022-08-21,28.1,24.7,32.0,0.0,1.7,75.3,5.5
1329,2022-08-22,26.8,22.9,30.2,3.2,2.3,75.6,1.5
1330,2022-08-23,25.4,22.4,30.2,2.2,2.0,75.0,7.1
1331,2022-08-24,24.8,22.4,27.9,0.0,2.5,66.9,2.0
1332,2022-08-25,22.2,21.1,24.0,1.6,1.8,78.0,0.0
1333,2022-08-26,23.8,19.9,28.4,0.0,2.4,75.3,7.8
1334,2022-08-27,21.5,17.6,25.5,17.6,2.8,63.1,12.4
1335,2022-08-28,22.6,16.1,28.4,0.0,1.7,59.4,12.1
1336,2022-08-29,21.0,19.5,22.5,2.2,2.3,74.0,0.0
1337,2022-08-30,19.1,17.9,20.3,35.8,2.6,96.3,0.0
1338,2022-08-31,21.7,19.6,24.9,0.0,1.8,83.3,2.5
1339,2022-09-01,24.0,18.3,30.4,0.0,1.7,70.8,12.1
1340,2022-09-02,24.7,20.3,29.8,0.0,3.1,61.8,11.6
1341,2022-09-03,24.2,20.5,29.2,0.0,3.4,63.0,4.5
1342,2022-09-04,22.3,19.8,24.0,33.8,3.1,88.6,0.0
1343,2022-09-05,19.2,17.7,22.7,120.0,3.2,95.9,0.0
1344,2022-09-06,21.0,17.0,26.3,25.3,3.6,78.0,8.4
1345,2022-09-07,22.8,17.9,28.1,0.0,1.9,65.3,11.9
1346,2022-09-08,23.2,16.7,29.5,0.0,1.6,65.5,11.8
1347,2022-09-09,24.3,18.9,30.8,0.0,2.0,59.1,11.1
1348,2022-09-10,23.6,19.0,28.4,0.0,2.6,52.3,6.5
1349,2022-09-11,23.3,20.6,26.4,0.1,2.1,68.6,1.8
1350,2022-09-12,23.8,20.3,27.5,0.0,1.6,76.1,3.5
1351,2022-09-13,24.3,21.8,26.4,0.0,2.5,73.0,0.1
1352,2022-09-14,24.6,22.7,27.9,0.0,4.6,56.9,1.1
1353,2022-09-15,25.2,22.0,28.3,0.1,3.6,66.9,3.4
1354,2022-09-16,25.7,23.4,29.9,14.6,2.9,78.6,1.8
1355,2022-09-17,25.6,23.3,29.4,4.3,1.4,83.1,3.8
1356,2022-09-18,27.1,23.0,32.5,0.0,2.0,75.3,5.7
1357,2022-09-19,24.6,19.5,29.6,0.0,3.3,63.1,6.9
1358,2022-09-20,19.9,16.1,24.6,0.0,2.3,57.0,9.7
1359,2022-09-21,19.4,13.0,25.6,0.0,1.8,56.9,11.0
1360,2022-09-22,19.8,14.2,24.7,0.0,2.0,60.1,7.4
1361,2022-09-23,17.5,14.7,22.2,3.3,3.1,68.9,7.9
1362,2022-09-24,18.5,12.3,24.2,0.0,1.8,64.6,10.7
1363,2022-09-25,19.6,15.4,25.2,0.0,1.6,63.3,7.8
1364,2022-09-26,20.0,14.8,25.4,0.0,1.7,58.5,8.7
1365,2022-09-27,20.9,14.0,28.0,0.0,1.6,59.0,11.2
1366,2022-09-28,20.4,16.1,26.1,0.0,1.8,71.0,5.0
1367,2022-09-29,20.4,16.4,26.5,0.0,1.4,73.5,7.9
1368,2022-09-30,20.7,14.8,27.7,0.0,1.6,68.0,10.6
1369,2022-10-01,20.9,14.4,27.6,0.0,1.6,63.3,7.9
1370,2022-10-02,19.4,17.2,21.6,15.8,2.7,78.9,0.0
1371,2022-10-03,21.4,17.5,23.4,76.0,2.7,98.5,0.0
1372,2022-10-04,17.9,14.2,23.0,11.8,2.9,83.8,0.4
1373,2022-10-05,16.6,14.1,21.6,0.1,2.1,74.8,4.9
1374,2022-10-06,15.8,12.7,19.1,0.0,2.1,76.6,1.6
1375,2022-10-07,14.3,11.0,18.6,0.0,2.5,69.5,7.6
1376,2022-10-08,15.8,11.1,21.6,0.0,2.5,64.6,9.5
1377,2022-10-09,13.1,10.7,14.5,20.4,2.1,85.8,0.0
1378,2022-10-10,9.9,8.2,11.9,0.0,3.8,72.9,2.3
1379,2022-10-11,11.1,7.4,16.4,0.0,2.2,69.1,10.3
1380,2022-10-12,13.5,6.5,20.6,0.0,1.8,68.1,10.6
1381,2022-10-13,16.3,10.7,22.7,0.0,1.5,69.6,10.4
1382,2022-10-14,17.1,12.4,23.0,0.0,1.6,73.4,4.9
1383,2022-10-15,18.2,12.6,24.4,0.0,1.4,68.5,8.2
1384,2022-10-16,16.9,15.1,20.5,0.0,1.7,73.9,0.6
1385,2022-10-17,11.2,7.4,15.1,0.0,3.4,50.3,10.1
1386,2022-10-18,9.4,5.0,14.2,0.0,2.3,52.1,10.2
1387,2022-10-19,10.5,4.4,16.8,0.0,1.8,57.8,10.2
1388,2022-10-20,12.9,6.0,19.7,0.0,1.8,64.4,10.1
1389,2022-10-21,14.0,8.8,20.9,0.0,1.7,68.8,8.8
1390,2022-10-22,15.1,10.5,20.8,0.0,1.9,76.3,9.3
1391,2022-10-23,14.0,10.4,18.6,0.0,2.7,65.0,7.7
1392,2022-10-24,10.6,7.5,14.8,0.0,2.8,52.6,9.9
1393,2022-10-25,11.3,5.9,17.6,0.0,2.0,56.5,9.9
1394,2022-10-26,12.9,8.0,17.8,0.0,1.9,58.3,7.3
1395,2022-10-27,13.2,8.6,18.9,0.0,1.7,71.8,9.2
1396,2022-10-28,13.6,8.2,20.6,0.0,1.7,70.1,8.3
1397,2022-10-29,14.8,10.2,21.3,0.0,1.8,65.9,9.3
1398,2022-10-30,14.9,10.4,21.3,0.0,1.9,64.5,8.9
1399,2022-10-31,14.9,11.2,21.1,0.0,2.1,69.8,7.6
1400,2022-11-01,13.1,9.4,17.8,0.0,1.8,73.5,4.7
1401,2022-11-02,11.1,5.5,17.9,0.0,1.7,57.1,9.6
1402,2022-11-03,9.3,5.6,13.4,0.0,2.0,58.1,0.6
1403,2022-11-04,4.9,1.6,9.8,0.0,2.9,41.8,9.6
1404,2022-11-05,6.5,0.8,13.6,0.0,1.7,51.3,9.7
1405,2022-11-06,9.6,3.7,16.4,0.0,1.8,60.5,9.6
1406,2022-11-07,11.4,6.1,16.6,0.0,1.7,64.5,4.4
1407,2022-11-08,12.9,9.7,17.9,0.0,1.5,68.3,8.1
1408,2022-11-09,11.4,6.7,16.0,0.0,1.5,76.0,5.3
1409,2022-11-10,13.5,8.8,19.1,0.0,1.3,74.5,7.9
1410,2022-11-11,15.6,10.9,22.1,0.0,1.8,62.5,8.8
1411,2022-11-12,16.3,11.6,22.0,57.9,2.2,80.0,2.6
1412,2022-11-13,10.3,8.7,17.3,0.0,2.6,85.6,0.0
1413,2022-11-14,9.7,5.9,13.8,0.0,2.3,74.8,4.5
1414,2022-11-15,8.1,4.0,12.3,1.6,2.0,77.4,2.9
1415,2022-11-16,8.5,5.5,13.0,0.0,1.7,71.3,8.3
1416,2022-11-17,10.2,5.4,16.6,0.0,1.6,64.6,9.1
1417,2022-11-18,11.0,5.3,18.1,0.0,1.6,69.6,9.1
1418,2022-11-19,12.9,8.7,19.2,0.0,2.3,55.8,9.0
1419,2022-11-20,13.7,9.5,20.2,0.0,1.7,58.3,9.1
1420,2022-11-21,11.8,9.3,16.2,0.0,1.6,70.5,3.1
1421,2022-11-22,10.7,7.0,13.7,0.0,1.9,69.9,1.6
1422,2022-11-23,10.8,6.8,15.2,0.0,2.1,56.0,7.9
1423,2022-11-24,9.4,5.9,14.1,0.0,1.5,65.6,6.5
1424,2022-11-25,12.3,7.1,17.8,1.7,3.0,67.1,7.6
1425,2022-11-26,6.7,1.0,12.9,0.0,3.0,52.4,8.6
1426,2022-11-27,5.4,-1.1,11.5,0.0,2.4,43.1,7.4
1427,2022-11-28,12.3,7.5,15.0,19.5,2.7,65.5,0.8
1428,2022-11-29,6.9,-1.6,15.0,3.8,3.5,67.0,2.0
1429,2022-11-30,-5.4,-8.1,-1.6,0.0,3.9,49.1,9.1
1430,2022-12-01,-5.4,-9.4,-1.2,0.0,2.4,43.4,8.1
1431,2022-12-02,-2.5,-7.6,3.0,0.0,1.7,42.0,9.0
1432,2022-12-03,2.1,-0.3,7.0,1.1,2.6,70.5,2.6
1433,2022-12-04,-3.5,-5.2,-0.2,0.0,2.8,38.9,1.3
1434,2022-12-05,-3.1,-7.0,1.9,0.0,2.4,41.9,8.6
1435,2022-12-06,0.9,-3.9,5.3,0.1,2.4,62.8,4.8
1436,2022-12-07,4.9,1.2,9.0,0.1,2.7,60.4,7.8
1437,2022-12-08,3.7,0.1,9.1,0.0,1.4,57.5,9.0
1438,2022-12-09,4.5,0.9,10.2,0.0,2.0,60.8,4.9
1439,2022-12-10,2.6,-0.6,6.7,0.0,1.3,46.5,3.6
1440,2022-12-11,1.6,-1.5,6.8,0.0,1.8,52.5,8.9
1441,2022-12-12,2.0,-2.0,6.3,5.4,1.7,73.4,2.3
1442,2022-12-13,0.0,-6.4,3.1,0.6,3.5,70.8,1.7
1443,2022-12-14,-8.4,-11.0,-4.9,0.0,3.2,50.1,8.9
1444,2022-12-15,-4.5,-8.5,-1.3,2.4,2.5,79.1,0.0
1445,2022-12-16,-6.3,-9.6,-2.2,0.0,2.0,56.9,8.2
1446,2022-12-17,-7.0,-9.8,-3.2,0.2,2.7,52.0,7.4
1447,2022-12-18,-9.5,-12.4,-5.6,0.0,2.6,47.1,9.0
1448,2022-12-19,-7.0,-12.0,-2.5,0.0,1.7,55.6,6.5
1449,2022-12-20,-3.2,-9.5,2.9,0.0,2.2,55.8,7.7
1450,2022-12-21,-0.1,-2.6,2.6,3.6,2.7,82.4,0.0
1451,2022-12-22,-7.8,-11.3,-2.6,0.0,4.4,60.5,7.4
1452,2022-12-23,-11.8,-13.7,-8.6,0.0,4.3,60.5,8.4
1453,2022-12-24,-8.4,-13.5,-2.0,0.0,1.8,54.9,8.9
1454,2022-12-25,-5.4,-9.6,0.2,0.0,1.7,66.5,9.0
1455,2022-12-26,-3.9,-7.9,1.7,0.0,1.4,68.4,7.6
1456,2022-12-27,-2.6,-7.3,3.3,0.0,1.8,69.8,8.8
1457,2022-12-28,-3.3,-6.0,0.1,0.1,2.5,58.1,8.7
1458,2022-12-29,-2.9,-7.8,2.1,0.0,1.7,56.3,9.0
1459,2022-12-30,-1.8,-4.4,2.3,0.0,1.9,65.6,7.9
1460,2022-12-31,-1.2,-5.1,2.1,0.0,1.4,65.5,1.1
1461,2023-01-01,-0.2,-4.3,3.8,0.0,2.7,54.5,9.0
1462,2023-01-02,-4.5,-7.4,-0.4,0.0,2.5,45.9,9.1
1463,2023-01-03,-5.0,-9.0,0.6,0.0,1.8,49.0,9.1
1464,2023-01-04,-1.8,-5.7,3.3,0.0,1.9,51.4,8.7
1465,2023-01-05,-1.6,-5.6,3.6,0.0,1.6,58.1,4.7
1466,2023-01-06,0.6,-4.7,5.7,3.9,2.2,71.9,7.1
1467,2023-01-07,1.5,-1.4,3.8,0.1,2.2,80.9,1.0
1468,2023-01-08,1.3,-3.7,6.3,0.0,1.7,69.3,7.1
1469,2023-01-09,3.1,-1.3,7.0,0.0,2.3,60.1,7.8
1470,2023-01-10,1.6,-3.9,9.1,0.0,1.5,59.9,8.8
1471,2023-01-11,2.6,-2.0,9.2,0.0,1.6,61.9,8.8
1472,2023-01-12,5.9,-0.6,12.5,0.0,2.2,46.6,9.0
1473,2023-01-13,8.3,5.1,10.1,37.3,2.5,99.1,0.0
1474,2023-01-14,6.6,3.8,8.4,1.6,2.5,92.9,0.0
1475,2023-01-15,-0.2,-3.5,3.8,3.2,2.8,93.9,0.0
1476,2023-01-16,-4.6,-6.8,-1.2,0.0,2.7,63.1,8.8
1477,2023-01-17,-3.7,-7.0,-0.4,0.0,1.8,65.1,0.2
1478,2023-01-18,-1.9,-4.6,2.2,0.0,2.0,60.5,8.9
1479,2023-01-19,-0.4,-6.0,4.3,1.0,2.5,69.3,3.1
1480,2023-01-20,-3.3,-7.7,2.0,0.0,3.7,52.4,8.7
1481,2023-01-21,-4.5,-10.5,1.5,0.0,1.8,55.4,8.5
1482,2023-01-22,-0.6,-2.8,2.6,0.0,2.6,62.8,0.3
1483,2023-01-23,-0.8,-6.9,4.6,0.0,2.7,66.6,7.3
1484,2023-01-24,-14.7,-17.0,-6.9,0.0,4.6,51.9,9.4
1485,2023-01-25,-11.3,-17.3,-5.4,0.0,2.1,45.1,9.4
1486,2023-01-26,-6.0,-9.0,-3.5,0.8,2.5,80.1,0.0
1487,2023-01-27,-7.3,-9.6,-3.8,0.0,3.5,56.5,9.4
1488,2023-01-28,-6.0,-11.2,-0.6,0.0,2.4,54.9,9.0
1489,2023-01-29,-1.8,-8.0,4.9,0.0,2.6,58.3,5.2
1490,2023-01-30,-0.9,-4.4,4.2,0.0,2.1,55.9,9.5
1491,2023-01-31,2.4,-3.5,7.8,0.0,2.7,69.1,3.0
1492,2023-02-01,0.9,-3.0,6.0,0.0,3.2,68.4,8.9
1493,2023-02-02,-2.4,-5.1,1.4,0.0,2.5,50.3,7.6
1494,2023-02-03,-1.6,-3.9,3.4,0.0,2.2,47.4,8.6
1495,2023-02-04,-0.2,-5.2,6.0,0.0,2.0,49.8,8.2
1496,2023-02-05,1.7,-3.3,7.1,0.0,1.8,71.0,7.0
1497,2023-02-06,3.0,-1.7,8.8,0.0,1.6,72.3,7.1
1498,2023-02-07,3.5,-0.6,9.5,0.0,1.5,72.9,6.4
1499,2023-02-08,2.1,-1.3,7.8,0.0,2.5,62.1,9.5
1500,2023-02-09,4.0,-2.8,9.9,0.0,2.5,49.9,6.7
1501,2023-02-10,3.8,1.1,6.2,0.6,2.2,79.6,2.0
1502,2023-02-11,2.8,-1.2,8.5,0.0,1.8,73.0,5.5
1503,2023-02-12,3.7,-0.9,7.6,0.0,1.8,70.0,2.0
1504,2023-02-13,5.9,2.7,8.4,0.0,2.3,66.5,0.8
1505,2023-02-14,1.7,-2.5,6.6,0.0,2.7,54.9,9.5
1506,2023-02-15,3.2,-1.2,8.9,0.0,2.5,46.4,9.4
1507,2023-02-16,2.3,-0.7,4.5,0.0,2.7,68.3,1.9
1508,2023-02-17,3.4,-1.5,9.8,0.0,1.8,67.8,7.5
1509,2023-02-18,5.7,3.0,8.1,0.0,1.5,58.3,0.0
1510,2023-02-19,3.5,0.2,6.1,0.4,3.3,56.1,7.0
1511,2023-02-20,-0.5,-3.5,2.4,0.0,3.3,46.4,9.5
1512,2023-02-21,-1.3,-5.3,4.8,0.0,2.1,42.4,10.0
1513,2023-02-22,1.2,-4.5,8.4,0.0,2.2,50.6,9.2
1514,2023-02-23,2.9,-1.8,9.2,0.0,1.9,65.5,10.0
1515,2023-02-24,3.5,-0.4,8.5,0.0,3.0,57.9,9.8
1516,2023-02-25,0.7,-2.9,5.7,0.0,2.9,44.0,10.2
1517,2023-02-26,2.2,-3.4,9.4,0.0,2.1,46.6,10.4
1518,2023-02-27,4.4,-1.8,12.4,0.0,1.9,47.4,10.5
1519,2023-02-28,4.3,-0.7,8.7,0.0,2.0,63.4,3.0
1520,2023-03-01,6.0,2.9,9.0,0.0,3.1,54.4,4.1
1521,2023-03-02,2.2,-1.8,6.6,0.0,2.8,37.8,10.5
1522,2023-03-03,4.6,-1.9,10.4,0.0,2.1,65.0,7.5
1523,2023-03-04,7.7,3.7,14.1,0.0,1.9,68.4,8.7
1524,2023-03-05,8.0,2.5,15.4,0.0,1.7,54.0,10.1
1525,2023-03-06,9.2,2.2,16.5,0.0,2.1,41.9,10.0
1526,2023-03-07,11.7,6.3,19.4,0.0,2.3,60.9,7.0
1527,2023-03-08,12.5,7.4,17.7,1.2,2.0,66.3,1.8
1528,2023-03-09,10.3,7.4,13.1,3.7,2.3,85.9,2.0
1529,2023-03-10,13.5,6.2,22.2,0.0,2.1,62.1,9.6
1530,2023-03-11,15.2,10.2,22.8,0.0,2.4,52.0,7.6
1531,2023-03-12,5.9,0.6,12.6,5.6,3.7,68.0,0.8
1532,2023-03-13,2.9,-1.9,7.6,0.0,3.2,38.9,9.8
1533,2023-03-14,9.2,3.3,15.4,0.0,2.9,45.9,9.1
1534,2023-03-15,8.6,3.5,14.4,0.0,3.0,66.6,1.2
1535,2023-03-16,4.6,0.4,9.0,0.0,2.4,36.8,6.7
1536,2023-03-17,7.2,0.7,12.7,0.0,1.7,34.3,4.4
1537,2023-03-18,7.7,2.5,14.0,0.0,2.6,46.4,9.9
1538,2023-03-19,8.3,2.3,15.2,0.0,2.1,59.6,11.1
1539,2023-03-20,9.5,2.6,17.1,0.0,1.6,50.4,10.0
1540,2023-03-21,13.0,5.0,22.2,0.0,1.7,35.1,10.8
1541,2023-03-22,17.0,9.2,25.1,0.0,1.8,44.8,6.2
1542,2023-03-23,17.4,12.3,23.3,0.0,2.5,48.9,5.3
1543,2023-03-24,12.5,7.6,18.3,0.0,2.3,36.8,6.6
1544,2023-03-25,12.5,8.0,18.7,0.0,2.3,59.9,5.7
1545,2023-03-26,9.4,4.7,14.0,0.0,3.6,34.0,11.1
1546,2023-03-27,7.3,1.9,14.5,0.0,2.3,44.8,11.1
1547,2023-03-28,9.2,2.8,15.7,0.0,2.1,53.3,7.4
1548,2023-03-29,11.8,5.1,19.7,0.0,1.9,50.3,11.0
1549,2023-03-30,13.3,6.4,21.2,0.0,2.2,42.5,11.5
1550,2023-03-31,15.0,7.5,23.9,0.0,2.1,42.5,11.2
1551,2023-04-01,17.5,9.4,25.6,0.0,1.8,40.4,10.8
1552,2023-04-02,18.8,11.9,25.2,0.0,2.4,29.6,11.7
1553,2023-04-03,19.0,11.3,25.9,0.0,2.3,29.4,11.0
1554,2023-04-04,17.6,12.7,21.7,6.9,2.6,40.4,1.6
1555,2023-04-05,11.9,8.7,14.9,50.3,3.4,97.8,0.0
1556,2023-04-06,8.8,7.4,9.7,2.7,2.5,94.6,0.0
1557,2023-04-07,8.9,4.6,15.7,0.0,2.9,65.0,10.4
1558,2023-04-08,8.8,3.1,14.9,0.0,3.2,51.1,11.9
1559,2023-04-09,10.8,3.5,17.8,0.0,2.5,56.8,12.0
1560,2023-04-10,13.2,6.2,19.1,0.0,2.7,50.8,10.1
1561,2023-04-11,13.1,9.2,17.4,2.9,3.6,73.4,0.0
1562,2023-04-12,10.1,4.8,15.3,0.0,2.7,45.1,10.7
1563,2023-04-13,11.9,5.1,17.2,0.0,1.8,45.0,4.4
1564,2023-04-14,16.2,11.9,21.3,0.0,1.6,58.6,3.3
1565,2023-04-15,13.5,9.3,16.6,4.6,2.2,81.8,2.3
1566,2023-04-16,10.8,7.5,16.1,0.0,2.5,71.4,3.2
1567,2023-04-17,13.1,6.8,18.1,0.0,2.0,59.0,6.1
1568,2023-04-18,14.0,10.7,18.4,1.5,2.7,78.6,3.6
1569,2023-04-19,19.1,11.5,28.4,0.0,2.4,66.1,12.3
1570,2023-04-20,15.8,14.5,18.9,0.5,2.4,92.1,0.0
1571,2023-04-21,16.7,11.4,22.8,0.0,2.5,50.4,7.8
1572,2023-04-22,16.9,12.2,22.5,0.0,2.6,22.9,5.6
1573,2023-04-23,16.1,10.7,22.1,0.0,2.1,34.1,4.4
1574,2023-04-24,15.8,11.5,21.3,0.0,2.7,40.5,7.8
1575,2023-04-25,10.9,9.0,13.2,0.4,1.9,68.6,0.0
1576,2023-04-26,10.2,7.4,13.5,0.0,3.1,69.9,4.1
1577,2023-04-27,12.9,5.1,20.0,0.0,1.9,61.6,12.2
1578,2023-04-28,15.7,9.0,21.3,1.9,2.1,62.0,8.4
1579,2023-04-29,13.2,9.9,15.8,25.1,2.9,88.1,0.8
1580,2023-04-30,12.7,7.9,17.9,0.1,3.3,72.9,5.8
1581,2023-05-01,14.6,9.8,20.8,0.0,2.5,57.0,11.4
1582,2023-05-02,16.7,9.1,23.7,0.0,2.1,40.5,8.2
1583,2023-05-03,19.5,12.4,26.2,0.0,2.1,52.5,10.4
1584,2023-05-04,21.4,15.6,25.8,0.0,2.1,65.5,2.5
1585,2023-05-05,18.4,15.5,21.6,30.2,2.5,95.3,0.0
1586,2023-05-06,12.6,11.7,15.5,47.5,5.4,85.6,0.0
1587,2023-05-07,14.4,11.1,18.6,0.0,2.6,47.1,2.2
1588,2023-05-08,15.3,7.9,22.0,0.0,2.2,55.3,12.7
1589,2023-05-09,17.0,10.0,24.4,0.0,2.3,55.4,12.8
1590,2023-05-10,18.4,10.7,26.0,0.0,1.8,53.3,12.7
1591,2023-05-11,19.5,12.8,26.7,0.0,2.3,50.1,12.9
1592,2023-05-12,18.4,13.1,24.7,0.0,1.8,50.9,6.7
1593,2023-05-13,17.8,12.6,23.9,0.0,2.0,62.0,8.8
1594,2023-05-14,18.1,12.9,23.8,0.0,2.0,56.5,9.6
1595,2023-05-15,20.6,12.8,27.9,0.0,2.4,54.6,11.6
1596,2023-05-16,24.0,17.2,31.2,0.0,2.5,51.9,12.1
1597,2023-05-17,23.5,18.6,28.7,0.0,3.4,63.6,11.4
1598,2023-05-18,21.2,18.8,27.6,1.3,2.1,74.8,1.4
1599,2023-05-19,22.3,16.7,27.8,0.0,2.3,61.4,9.4
1600,2023-05-20,21.2,16.6,26.7,0.0,3.0,66.9,9.7
1601,2023-05-21,17.8,15.3,21.9,0.2,3.0,74.0,5.8
1602,2023-05-22,20.3,15.9,26.8,0.0,1.9,61.3,7.9
1603,2023-05-23,20.5,14.1,26.9,0.0,2.2,48.0,13.2
1604,2023-05-24,20.6,14.8,25.9,0.0,2.0,49.8,6.2
1605,2023-05-25,21.2,15.7,27.4,0.0,2.4,46.6,10.4
1606,2023-05-26,21.4,15.8,27.3,0.5,2.1,57.4,10.7
1607,2023-05-27,19.3,18.6,20.7,31.8,1.7,87.4,0.0
1608,2023-05-28,19.2,18.4,20.2,41.8,1.8,98.9,0.0
1609,2023-05-29,23.2,19.0,28.5,2.3,1.6,83.4,4.1
1610,2023-05-30,24.0,20.5,28.9,0.0,2.2,69.5,3.7
1611,2023-05-31,22.8,18.8,28.2,0.0,2.5,60.8,7.1
1612,2023-06-01,22.8,19.7,26.3,0.0,1.9,66.9,2.2
1613,2023-06-02,20.4,17.9,25.0,0.0,2.3,77.4,5.2
1614,2023-06-03,22.0,16.6,27.8,0.0,2.7,60.1,13.3
1615,2023-06-04,22.1,16.9,28.0,0.0,2.4,61.0,11.1
1616,2023-06-05,21.5,17.6,26.3,0.0,2.6,66.9,10.9
1617,2023-06-06,20.3,17.3,25.2,0.0,2.6,72.9,7.9
1618,2023-06-07,21.4,18.9,25.7,0.0,2.1,75.3,1.0
1619,2023-06-08,20.4,18.3,23.9,1.9,2.4,80.5,0.9
1620,2023-06-09,23.3,18.3,28.4,1.2,2.0,64.0,11.8
1621,2023-06-10,23.2,19.6,28.5,0.8,2.3,70.0,5.6
1622,2023-06-11,22.1,17.9,27.3,32.2,2.2,76.1,6.4
1623,2023-06-12,22.2,18.4,27.5,0.0,1.7,70.5,6.7
1624,2023-06-13,22.0,19.2,26.0,0.0,2.2,70.0,9.9
1625,2023-06-14,20.6,17.5,25.0,30.6,1.5,80.3,4.2
1626,2023-06-15,22.7,17.7,28.3,0.0,2.1,70.8,8.8
1627,2023-06-16,23.7,19.1,28.9,0.0,2.1,64.4,12.5
1628,2023-06-17,24.2,18.9,30.2,0.0,2.0,57.1,10.8
1629,2023-06-18,25.9,20.8,32.6,0.0,2.0,60.5,12.3
1630,2023-06-19,28.5,23.3,34.0,0.0,2.2,57.8,11.0
1631,2023-06-20,24.7,21.4,26.4,6.4,1.9,64.5,0.0
1632,2023-06-21,20.5,19.2,22.1,24.9,2.1,92.6,0.0
1633,2023-06-22,22.5,18.9,26.4,0.0,2.2,77.1,6.9
1634,2023-06-23,24.4,20.0,29.9,0.0,1.5,76.6,5.3
1635,2023-06-24,26.4,21.9,31.1,0.0,2.0,70.5,9.7
1636,2023-06-25,28.2,22.8,33.1,0.0,2.1,64.9,8.7
1637,2023-06-26,24.2,22.3,27.5,30.3,2.9,88.6,0.0
1638,2023-06-27,25.3,21.4,29.1,2.5,3.2,73.1,6.8
1639,2023-06-28,26.5,24.2,30.1,0.0,2.5,77.4,3.8
1640,2023-06-29,24.2,23.2,25.9,63.8,2.3,95.4,0.0
1641,2023-06-30,25.3,23.2,29.1,1.0,1.8,89.8,1.4
1642,2023-07-01,27.7,23.3,32.9,0.0,2.0,76.9,12.4
1643,2023-07-02,26.7,23.5,30.6,0.0,1.9,79.5,4.3
1644,2023-07-03,29.1,24.1,34.9,0.0,1.8,72.0,8.8
1645,2023-07-04,26.1,24.5,29.2,61.8,2.3,86.8,0.0
1646,2023-07-05,24.5,22.1,27.1,15.3,3.7,82.6,4.5
1647,2023-07-06,27.3,22.4,31.8,0.0,2.7,70.9,8.8
1648,2023-07-07,26.7,23.3,31.4,0.0,2.3,64.9,8.7
1649,2023-07-08,25.6,22.4,29.7,0.0,2.2,76.5,1.6
1650,2023-07-09,24.7,21.6,27.0,47.5,2.0,86.4,1.1
1651,2023-07-10,26.3,22.9,30.9,11.5,2.3,80.4,5.9
1652,2023-07-11,23.5,21.6,25.9,58.3,1.9,92.4,0.0
1653,2023-07-12,25.8,22.0,29.1,0.7,1.5,86.4,1.2
1654,2023-07-13,25.2,24.7,26.5,91.6,1.6,95.0,0.0
1655,2023-07-14,24.6,23.9,25.1,72.7,2.9,99.1,0.0
1656,2023-07-15,24.5,23.7,25.7,2.3,3.0,93.5,0.0
1657,2023-07-16,24.6,23.7,25.4,9.7,2.3,89.5,0.0
1658,2023-07-17,25.5,23.7,27.8,1.4,1.7,86.1,0.4
1659,2023-07-18,25.2,24.1,27.7,2.3,1.4,87.9,2.0
1660,2023-07-19,27.2,22.5,32.4,0.0,1.7,78.8,11.5
1661,2023-07-20,27.9,24.0,32.8,0.0,1.8,74.0,9.9
1662,2023-07-21,29.5,24.6,34.3,0.0,1.8,69.6,10.2
1663,2023-07-22,27.7,24.6,32.5,12.3,2.6,73.9,6.4
1664,2023-07-23,25.2,24.5,25.8,40.2,2.1,94.3,0.0
1665,2023-07-24,26.9,24.6,30.0,0.4,2.0,83.1,3.2
1666,2023-07-25,27.8,25.8,30.5,5.6,2.7,80.5,3.5
1667,2023-07-26,27.6,24.9,31.1,1.0,2.2,80.9,3.0
1668,2023-07-27,28.4,24.4,32.2,0.0,1.9,78.1,6.8
1669,2023-07-28,29.5,25.4,34.1,0.0,2.1,72.4,9.5
1670,2023-07-29,29.1,26.1,33.3,0.0,2.0,72.1,6.8
1671,2023-07-30,28.8,24.9,34.9,25.0,1.9,72.5,9.1
1672,2023-07-31,28.7,25.6,33.4,0.3,1.7,76.3,6.5
1673,2023-08-01,29.9,25.5,34.2,0.0,1.9,71.6,10.3
1674,2023-08-02,29.7,26.8,33.7,0.0,2.1,67.8,11.2
1675,2023-08-03,29.5,25.8,33.8,0.0,2.1,67.0,11.0
1676,2023-08-04,30.0,26.5,34.4,0.0,1.9,67.6,9.6
1677,2023-08-05,30.3,26.4,34.9,0.0,2.0,69.0,12.7
1678,2023-08-06,29.8,27.0,33.0,4.9,1.7,76.5,3.8
1679,2023-08-07,30.4,27.3,34.6,0.0,2.7,68.4,5.8
1680,2023-08-08,30.9,26.4,35.8,0.0,2.9,60.5,11.0
1681,2023-08-09,28.3,25.1,31.6,0.2,3.2,67.6,3.3
1682,2023-08-10,22.2,20.9,25.1,86.1,3.7,91.9,0.0
1683,2023-08-11,23.5,21.6,24.9,46.7,2.3,93.1,0.0
1684,2023-08-12,23.3,22.5,24.1,1.5,1.9,91.0,0.1
1685,2023-08-13,27.0,22.6,31.1,0.0,1.7,76.9,2.7
1686,2023-08-14,28.1,24.8,31.9,0.0,1.6,75.4,3.9
1687,2023-08-15,28.6,24.7,32.7,0.0,2.3,71.4,7.7
1688,2023-08-16,27.3,24.7,31.6,0.3,2.1,72.0,3.7
1689,2023-08-17,28.2,24.5,32.4,0.0,1.7,73.0,6.2
1690,2023-08-18,29.1,25.5,33.3,0.1,1.9,72.1,7.3
1691,2023-08-19,29.1,26.4,33.6,0.0,1.9,68.9,9.1
1692,2023-08-20,28.3,25.5,31.8,0.0,1.6,71.8,3.6
1693,2023-08-21,29.5,26.0,33.6,0.0,2.4,69.8,6.4
1694,2023-08-22,27.6,25.8,32.2,42.6,2.4,80.3,1.3
1695,2023-08-23,24.8,23.2,27.2,41.8,2.2,91.3,0.1
1696,2023-08-24,25.1,22.3,27.8,5.2,2.8,84.8,1.5
1697,2023-08-25,26.5,24.0,30.0,0.0,2.6,77.9,8.3
1698,2023-08-26,26.4,23.3,30.3,0.0,1.8,72.3,7.3
1699,2023-08-27,26.1,22.7,29.6,0.0,1.8,75.0,1.2
1700,2023-08-28,22.7,20.8,25.6,10.4,3.3,87.5,0.0
1701,2023-08-29,23.9,22.5,25.5,54.8,2.1,89.6,0.0
1702,2023-08-30,22.8,21.5,24.5,3.5,1.1,88.0,0.0
1703,2023-08-31,23.9,21.0,28.9,0.0,1.3,76.9,7.0
1704,2023-09-01,24.5,19.7,29.6,0.0,2.0,70.6,12.1
1705,2023-09-02,25.4,19.7,30.8,0.0,1.6,63.9,11.3
1706,2023-09-03,25.8,23.1,28.8,0.1,2.2,77.8,1.9
1707,2023-09-04,27.0,24.3,30.2,0.3,1.8,79.9,0.7
1708,2023-09-05,28.5,25.0,32.8,0.0,1.8,69.5,7.0
1709,2023-09-06,27.9,24.0,32.1,0.0,2.4,65.1,11.3
1710,2023-09-07,26.3,20.9,31.6,0.0,2.5,54.8,12.1
1711,2023-09-08,25.3,19.6,30.5,0.0,2.3,60.3,12.0
1712,2023-09-09,25.8,20.8,31.2,0.0,1.8,66.3,10.9
1713,2023-09-10,25.7,22.0,29.6,0.0,1.6,68.1,5.7
1714,2023-09-11,25.5,23.1,29.8,0.0,1.9,67.3,5.1
1715,2023-09-12,25.7,21.7,29.8,0.0,1.5,69.8,3.5
1716,2023-09-13,22.1,19.6,24.6,15.9,1.8,84.5,0.0
1717,2023-09-14,23.4,19.2,27.2,0.0,2.4,72.4,4.2
1718,2023-09-15,22.3,20.3,24.3,2.1,2.6,82.3,0.1
1719,2023-09-16,23.9,22.0,26.6,38.7,1.7,87.8,0.1
1720,2023-09-17,24.7,22.0,28.0,3.0,1.4,84.8,3.3
1721,2023-09-18,24.7,22.1,28.9,0.0,1.9,79.1,4.9
1722,2023-09-19,24.1,21.6,27.2,0.0,1.6,81.1,1.3
1723,2023-09-20,20.6,18.8,23.9,35.8,2.7,90.4,0.0
1724,2023-09-21,20.1,17.5,23.6,0.0,2.3,70.9,2.4
1725,2023-09-22,20.5,15.2,26.7,0.0,1.7,68.4,10.4
1726,2023-09-23,21.8,16.3,27.6,0.0,2.5,63.9,10.9
1727,2023-09-24,21.8,17.9,26.2,0.0,2.9,56.4,9.0
1728,2023-09-25,21.6,17.9,26.0,1.9,2.3,66.4,1.3
1729,2023-09-26,19.9,18.6,20.8,27.8,2.4,95.8,0.0
1730,2023-09-27,21.5,20.0,23.7,4.4,1.8,90.1,0.1
1731,2023-09-28,22.7,19.6,27.3,0.0,2.0,78.3,8.4
1732,2023-09-29,21.1,17.4,26.9,0.0,1.4,61.5,5.5
1733,2023-09-30,19.7,17.1,22.2,4.5,2.2,77.0,1.6
1734,2023-10-01,18.4,14.4,23.7,0.0,2.4,59.5,10.4
1735,2023-10-02,18.2,12.9,24.6,0.0,1.7,53.8,10.3
1736,2023-10-03,17.5,14.4,22.5,0.0,1.7,66.3,3.0
1737,2023-10-04,17.3,14.2,23.2,14.7,2.1,75.5,5.3
1738,2023-10-05,14.2,9.9,19.2,0.0,2.6,46.1,10.6
1739,2023-10-06,15.5,9.6,21.5,0.0,1.6,55.3,8.8
1740,2023-10-07,16.8,11.7,21.2,0.0,2.1,62.6,5.2
1741,2023-10-08,17.1,15.2,19.5,0.0,2.5,67.1,0.0
1742,2023-10-09,17.4,14.1,22.4,1.2,1.9,68.1,4.2
1743,2023-10-10,17.1,11.9,23.5,0.0,1.6,67.1,10.6
1744,2023-10-11,17.6,12.9,24.0,0.0,1.7,57.5,10.0
1745,2023-10-12,17.5,12.0,24.1,0.0,1.5,62.4,7.3
1746,2023-10-13,17.5,14.3,21.5,0.0,1.5,69.6,2.5
1747,2023-10-14,14.7,12.9,18.2,5.8,1.4,84.9,2.5
1748,2023-10-15,16.1,10.9,21.2,0.0,2.0,80.0,6.1
1749,2023-10-16,14.7,10.7,19.6,0.0,2.4,57.0,10.4
1750,2023-10-17,13.8,7.5,20.9,0.0,1.6,55.6,10.4
1751,2023-10-18,15.7,9.2,21.6,0.0,2.1,67.0,8.3
1752,2023-10-19,17.0,14.9,18.9,8.2,1.5,82.5,0.0
1753,2023-10-20,11.6,7.2,15.1,0.0,3.2,46.9,10.1
1754,2023-10-21,10.4,5.9,16.6,1.1,2.3,54.8,8.6
1755,2023-10-22,12.5,5.4,18.7,0.0,1.7,67.3,8.6
1756,2023-10-23,15.2,11.1,21.4,0.0,1.7,73.8,6.5
1757,2023-10-24,15.6,11.2,19.3,0.0,1.7,78.5,3.7
1758,2023-10-25,16.6,12.7,21.9,0.0,1.4,78.6,6.0
1759,2023-10-26,17.2,14.6,21.1,0.0,2.1,79.4,0.8
1760,2023-10-27,15.7,12.6,20.2,0.0,1.9,71.1,4.6
1761,2023-10-28,14.2,9.4,20.7,0.0,1.4,62.9,9.7
1762,2023-10-29,14.9,9.8,21.8,0.0,1.7,61.6,9.7
1763,2023-10-30,15.1,9.7,21.9,0.0,1.7,72.0,9.3
1764,2023-10-31,16.5,12.7,20.8,0.0,1.8,76.0,5.2
1765,2023-11-01,19.0,17.2,20.6,0.0,2.4,81.8,0.0
1766,2023-11-02,20.8,18.7,25.9,0.0,2.9,70.9,8.0
1767,2023-11-03,19.5,17.7,22.4,8.5,2.8,83.3,1.2
1768,2023-11-04,17.4,14.1,20.9,0.0,2.6,75.5,2.8
1769,2023-11-05,17.3,15.1,20.4,10.4,3.3,87.0,0.0
1770,2023-11-06,13.3,6.6,19.3,45.8,4.9,84.9,0.8
1771,2023-11-07,5.8,3.6,9.9,0.0,3.2,62.5,8.4
1772,2023-11-08,8.4,1.8,16.1,0.0,1.7,55.1,9.4
1773,2023-11-09,11.4,5.9,18.4,5.1,2.1,73.1,2.1
1774,2023-11-10,3.4,0.5,9.1,0.0,3.9,53.1,9.0
1775,2023-11-11,1.7,-1.9,6.7,0.0,2.2,47.9,7.0
1776,2023-11-12,1.2,-2.0,5.7,0.0,2.2,53.8,9.5
1777,2023-11-13,2.0,-2.2,6.7,0.0,2.3,54.0,9.5
1778,2023-11-14,5.0,-0.8,10.8,0.0,1.7,66.1,9.3
1779,2023-11-15,7.0,2.0,12.5,0.0,1.5,71.4,6.9
1780,2023-11-16,6.6,5.7,7.4,8.4,1.9,85.0,0.0
1781,2023-11-17,1.6,-1.9,5.9,0.0,2.9,59.3,5.0
1782,2023-11-18,0.6,-3.8,5.7,0.0,3.5,58.9,9.3
1783,2023-11-19,5.9,-0.3,13.4,0.0,2.4,68.3,5.4
1784,2023-11-20,6.2,1.8,12.8,0.0,1.5,58.4,9.3
1785,2023-11-21,7.4,1.4,14.8,0.0,1.7,59.6,9.3
1786,2023-11-22,9.5,2.9,15.1,0.0,1.8,68.1,6.5
1787,2023-11-23,9.9,1.9,14.6,0.1,3.3,71.1,5.0
1788,2023-11-24,-1.5,-4.4,2.2,0.0,3.8,51.8,8.6
1789,2023-11-25,-1.3,-5.9,4.0,0.0,1.8,42.8,9.1
1790,2023-11-26,4.0,-0.1,7.2,0.0,1.4,43.6,1.4
1791,2023-11-27,6.2,4.4,9.3,3.6,2.4,82.9,0.9
1792,2023-11-28,1.3,-1.2,5.2,0.0,3.2,57.5,6.3
1793,2023-11-29,-1.4,-4.0,3.0,0.0,2.5,58.9,2.7
1794,2023-11-30,-4.3,-7.3,-0.5,0.0,2.8,48.5,9.2
1795,2023-12-01,-3.2,-6.8,0.7,0.0,2.0,55.3,9.2
1796,2023-12-02,2.0,-4.4,8.0,0.0,2.4,60.8,4.0
1797,2023-12-03,0.8,-2.8,6.0,0.0,1.7,56.3,9.1
1798,2023-12-04,2.7,-3.0,9.4,0.0,1.6,59.5,8.2
1799,2023-12-05,6.8,3.8,12.6,0.0,2.0,55.4,6.8
1800,2023-12-06,6.1,3.9,8.7,3.8,2.3,76.1,0.0
1801,2023-12-07,6.6,0.8,11.4,0.0,2.6,64.0,6.7
1802,2023-12-08,11.2,5.1,16.8,0.0,3.0,73.4,5.3
1803,2023-12-09,13.7,11.7,16.2,0.0,2.0,82.9,0.8
1804,2023-12-10,11.4,6.7,15.5,0.0,0.0,67.9,0.0
1805,2023-12-11,8.9,5.0,12.3,11.4,0.0,82.9,0.0
1806,2023-12-12,5.4,3.5,9.3,0.4,2.7,75.6,3.5
1807,2023-12-13,6.8,2.6,10.3,0.0,2.4,74.1,2.3
1808,2023-12-14,7.6,6.2,9.1,17.0,4.5,85.8,0.0
1809,2023-12-15,4.9,3.7,6.2,31.1,3.6,95.4,0.0
1810,2023-12-16,-4.1,-9.9,3.8,1.5,5.2,68.9,4.6
1811,2023-12-17,-9.8,-12.4,-6.4,0.0,3.2,48.9,9.0
1812,2023-12-18,-7.7,-12.2,-3.6,0.0,2.2,45.1,4.1
1813,2023-12-19,-3.7,-8.2,0.2,0.3,1.9,63.1,0.8
1814,2023-12-20,-7.4,-11.9,-2.1,0.8,3.4,64.1,6.0
1815,2023-12-21,-11.7,-14.4,-8.0,0.0,3.0,57.4,9.0
1816,2023-12-22,-11.6,-14.7,-8.0,0.0,2.7,51.8,9.1
1817,2023-12-23,-6.8,-12.7,-0.9,0.0,1.8,53.4,8.9
1818,2023-12-24,-2.2,-5.6,3.0,1.1,1.6,73.4,6.9
1819,2023-12-25,-0.7,-2.7,2.1,0.7,1.5,80.8,1.7
1820,2023-12-26,1.9,-2.6,7.2,0.0,1.8,72.9,7.5
1821,2023-12-27,1.5,-2.8,6.8,0.0,1.4,76.6,8.2
1822,2023-12-28,1.2,-1.7,4.4,0.0,1.6,69.5,8.1
1823,2023-12-29,1.3,-1.5,4.6,0.0,1.7,71.0,1.8
1824,2023-12-30,0.6,-0.9,2.1,13.1,2.6,92.0,0.0
1825,2023-12-31,2.1,0.6,4.3,4.7,2.0,95.5,0.6
